<?xml version="1.0" encoding="UTF-8"?>
<MISRA-C-Report-Summary>
<File Mode="required" Error="0" Warning="70" Total="70">
<Name>
C:\Users\nzt9hv\Documents\Synergy\ccm_wa\ses_dev_ea3\MtrCtrl_CM\src\Ap_CurrCmd.c</Name>
</File>
<File Mode="required" Error="0" Warning="20" Total="20">
<Name>
C:\Users\nzt9hv\Documents\Synergy\ccm_wa\ses_dev_ea3\MtrCtrl_CM\src\Ap_CurrParamComp.c</Name>
</File>
<File Mode="required" Error="0" Warning="42" Total="42">
<Name>
C:\Users\nzt9hv\Documents\Synergy\ccm_wa\ses_dev_ea3\MtrCtrl_CM\src\Ap_PICurrCntrl.c</Name>
</File>
<File Mode="required" Error="0" Warning="18" Total="18">
<Name>
C:\Users\nzt9hv\Documents\Synergy\ccm_wa\ses_dev_ea3\MtrCtrl_CM\src\Ap_PeakCurrEst.c</Name>
</File>
<File Mode="required" Error="0" Warning="11" Total="11">
<Name>
C:\Users\nzt9hv\Documents\Synergy\ccm_wa\ses_dev_ea3\MtrCtrl_CM\src\Ap_QuadDet.c</Name>
</File>
<File Mode="required" Error="0" Warning="172" Total="172">
<Name>
C:\Users\nzt9hv\Documents\Synergy\ccm_wa\ses_dev_ea3\MtrCtrl_CM\src\Ap_TrqCanc.c</Name>
</File>
<File Mode="required" Error="0" Warning="3" Total="3">
<Name>
C:\Users\nzt9hv\Documents\Synergy\ccm_wa\ses_dev_ea3\MtrCtrl_CM\src\Ap_TrqCmdScl.c</Name>
</File>
<Rule Name="8.7" Count="95" Mode="required" Severity="warning">
<Message>
Objects shall be defined at block scope if they are only accessed from</Message>
</Rule>
<Rule Name="13.7" Count="92" Mode="required" Severity="warning">
<Message>
Boolean operations whose results are invariant shall not be permitted.</Message>
</Rule>
<Rule Name="10.3" Count="31" Mode="required" Severity="warning">
<Message>
</Message>
</Rule>
<Rule Name="8.1" Count="28" Mode="required" Severity="warning">
<Message>
</Message>
</Rule>
<Rule Name="10.1" Count="26" Mode="required" Severity="warning">
<Message>
</Message>
</Rule>
<Rule Name="8.10" Count="23" Mode="required" Severity="warning">
<Message>
</Message>
</Rule>
<Rule Name="10.4" Count="11" Mode="required" Severity="warning">
<Message>
Complex expression of 'float' type may only be cast to narrower floating type,</Message>
</Rule>
<Rule Name="12.7" Count="8" Mode="required" Severity="warning">
<Message>
</Message>
</Rule>
<Rule Name="5.1" Count="7" Mode="required" Severity="warning">
<Message>
</Message>
</Rule>
<Rule Name="8.8" Count="7" Mode="required" Severity="warning">
<Message>
</Message>
</Rule>
<Rule Name="10.2" Count="5" Mode="required" Severity="warning">
<Message>
Implicit conversion of complex floating expression from 'float' to 'double'.</Message>
</Rule>
<Rule Name="19.4" Count="3" Mode="required" Severity="warning">
<Message>
</Message>
</Rule>
</MISRA-C-Report-Summary>
