<?xml version="1.0" encoding="UTF-8"?>
<MISRA-C-Report-Summary>
<File Mode="advisory" Error="0" Warning="13" Total="13">
<Name>
C:\Sankar\Synergy\Working\TrqOvlSta-pznywf\TrqOvlSta\src\Ap_TrqOvlSta.c</Name>
</File>
<File Mode="required" Error="0" Warning="32" Total="32">
<Name>
C:\Sankar\Synergy\Working\TrqOvlSta-pznywf\TrqOvlSta\src\Ap_TrqOvlSta.c</Name>
</File>
<Rule Name="8.7" Count="16" Mode="required" Severity="warning">
<Message>
Objects shall be defined at block scope if they are only accessed from</Message>
</Rule>
<Rule Name="19.1" Count="11" Mode="advisory" Severity="warning">
<Message>
#include statements in a file shall only be preceded by other preprocessor directives or comments.</Message>
</Rule>
<Rule Name="5.1" Count="8" Mode="required" Severity="warning">
<Message>
</Message>
</Rule>
<Rule Name="8.10" Count="4" Mode="required" Severity="warning">
<Message>
</Message>
</Rule>
<Rule Name="5.7" Count="2" Mode="advisory" Severity="warning">
<Message>
</Message>
</Rule>
<Rule Name="8.1" Count="2" Mode="required" Severity="warning">
<Message>
</Message>
</Rule>
<Rule Name="10.1" Count="1" Mode="required" Severity="warning">
<Message>
Implicit conversion of the binary - right hand operand of underlying type 'signed int'</Message>
</Rule>
<Rule Name="10.2" Count="1" Mode="required" Severity="warning">
<Message>
Implicit conversion of complex floating expression from 'float' to 'double'.</Message>
</Rule>
</MISRA-C-Report-Summary>
