<?xml version="1.0" encoding="UTF-8"?>
<Navig version="1.0">
<Files>
<F id="1" n="C:\Program Files\MATLAB\R2013b\polyspace\verifier\cxx\cinclude\stdarg.h"/>
<F id="2" n="C:\SynergyWorkspace\WorkingProjects\TrqArblim-1.4\StdDef\include\Platform_Types.h"/>
<F id="3" n="C:\SynergyWorkspace\WorkingProjects\TrqArblim-1.4\StdDef\include\Std_Types.h"/>
<F id="4" n="C:\SynergyWorkspace\WorkingProjects\TrqArblim-1.4\TrqArblim\utp\contract\Ap_TrqArblim\Rte_Type.h"/>
<F id="5" n="C:\SynergyWorkspace\WorkingProjects\TrqArblim-1.4\TrqArblim\utp\contract\Ap_TrqArblim\Rte_Ap_TrqArblim.h"/>
<F id="6" n="C:\Program Files\MATLAB\R2013b\polyspace\verifier\cxx\include\include-libc\bits\huge_val.h"/>
<F id="7" n="C:\SynergyWorkspace\WorkingProjects\TrqArblim-1.4\NxtrLib\include\Filter_Types.h"/>
<F id="8" n="C:\SynergyWorkspace\WorkingProjects\TrqArblim-1.4\NxtrLib\include\fpmtype.h"/>
<F id="9" n="C:\SynergyWorkspace\WorkingProjects\TrqArblim-1.4\TrqArblim\utp\contract\CalConstants.h"/>
<F id="10" n="C:\SynergyWorkspace\WorkingProjects\TrqArblim-1.4\TrqArblim\src\Ap_TrqArblim.c"/>
<F id="11" n="C:\SynergyWorkspace\WorkingProjects\TrqArblim-1.4\TrqArblim\utp\contract\Ap_TrqArblim\Ap_TrqArblim_Cfg.h"/>
<F id="12" n="C:\SynergyWorkspace\WorkingProjects\TrqArblim-1.4\NxtrLib\include\GlobalMacro.h"/>
<F id="13" n="C:\SynergyWorkspace\WorkingProjects\TrqArblim-1.4\NxtrLib\include\filters.h"/>
<F id="14" n="C:\SynergyWorkspace\WorkingProjects\TrqArblim-1.4\NxtrLib\include\interpolation.h"/>
<F id="15" n="C-STUBS\__polyspace__stdstubs.c"/>
<F id="16" n="C:\Program Files\MATLAB\R2013b\polyspace\verifier\cxx\cinclude\__polyspace__std_decls.h"/>
<F id="17" n="C:\Program Files\MATLAB\R2013b\polyspace\verifier\cxx\cinclude\assert.h"/>
<F id="18" n="C:\Program Files\MATLAB\R2013b\polyspace\verifier\cxx\cinclude\__polyspace__libc_defs.h"/>
<F id="19" n="C:\SynergyWorkspace\WorkingProjects\TrqArblim-1.4\TrqArblim\utp\contract\Ap_TrqArblim\Rte.h"/>
<F id="20" n="C:\SynergyWorkspace\WorkingProjects\TrqArblim-1.4\StdDef\include\Compiler.h"/>
<F id="21" n="C:\SynergyWorkspace\WorkingProjects\TrqArblim-1.4\TrqArblim\utp\contract\Compiler_Cfg.h"/>
<F id="22" n="C:\SynergyWorkspace\WorkingProjects\TrqArblim-1.4\TrqArblim\utp\contract\MemMap.h"/>
<F id="23" n="C:\Program Files\MATLAB\R2013b\polyspace\verifier\cxx\include\include-libc\math.h"/>
<F id="24" n="C:\Program Files\MATLAB\R2013b\polyspace\verifier\cxx\include\include-libc\features.h"/>
<F id="25" n="C:\Program Files\MATLAB\R2013b\polyspace\verifier\cxx\include\include-libc\sys\cdefs.h"/>
<F id="26" n="C:\Program Files\MATLAB\R2013b\polyspace\verifier\cxx\include\include-libc\gnu\stubs.h"/>
<F id="27" n="C:\Program Files\MATLAB\R2013b\polyspace\verifier\cxx\include\include-libc\endian.h"/>
<F id="28" n="C:\Program Files\MATLAB\R2013b\polyspace\verifier\cxx\include\include-libc\bits\endian.h"/>
<F id="29" n="C:\Program Files\MATLAB\R2013b\polyspace\verifier\cxx\include\include-libc\bits\mathdef.h"/>
<F id="30" n="C:\Program Files\MATLAB\R2013b\polyspace\verifier\cxx\include\include-libc\bits\mathcalls.h"/>
<F id="31" n="C:\SynergyWorkspace\WorkingProjects\TrqArblim-1.4\NxtrLib\include\fixmath.h"/>
<F id="32" n="C:\Program Files\MATLAB\R2013b\polyspace\verifier\cxx\include\include-libc\float.h"/>
</Files>
<Definitions>
<D id="1" f="15" l="114" c="21" n="wchar_t" t="7" d="1"/>
<D id="2" f="15" l="111" c="14" n="ptrdiff_t" t="7" d="1"/>
<D id="3" f="8" l="1101" c="15" n="s14p17_T" t="7" d="1"/>
<D id="4" f="10" l="320" c="15" n="APASmoothing_Uls_T_u2p14" t="4" d="1"/>
<D id="5" f="8" l="1011" c="15" n="s29p2_T" t="7" d="1"/>
<D id="6" f="10" l="310" c="16" n="APAOverlayCmd_MtrNm_T_f32" t="4" d="1"/>
<D id="7" f="10" l="301" c="16" n="PosServEnable_Cnt_T_lgc" t="4" d="1"/>
<D id="8" f="10" l="321" c="15" n="APADisableRate_Uls_T_u2p14" t="4" d="1"/>
<D id="9" f="15" l="511" c="23" n="_polyspace_random_uchar" t="5" d="1"/>
<D id="10" f="10" l="311" c="16" n="IqTrqOv_HwNm_T_f32" t="4" d="1"/>
<D id="11" f="10" l="302" c="16" n="PosSrvoCmd_MtrNm_T_f32" t="4" d="1"/>
<D id="12" f="8" l="1131" c="15" n="s9p22_T" t="7" d="1"/>
<D id="13" f="8" l="1041" c="15" n="s24p7_T" t="7" d="1"/>
<D id="14" f="10" l="312" c="16" n="OpTrqOv_MtrNm_T_f32" t="4" d="1"/>
<D id="15" f="15" l="503" c="14" n="_polyspace_random_char" t="5" d="1"/>
<D id="16" f="8" l="1113" c="15" n="s12p19_T" t="7" d="1"/>
<D id="17" f="10" l="303" c="16" n="HwTorque_HwNm_T_f32" t="4" d="1"/>
<D id="18" f="8" l="1023" c="15" n="s27p4_T" t="7" d="1"/>
<D id="19" f="8" l="1005" c="15" n="s30p1_T" t="7" d="1"/>
<D id="20" f="10" l="290" c="23" n="ESC_State_T_enum" t="4" d="1"/>
<D id="21" f="10" l="313" c="16" n="AssistDDFactor_Uls_T_f32" t="4" d="1"/>
<D id="22" f="15" l="521" c="24" n="random" t="4" d="1"/>
<D id="23" f="10" l="304" c="16" n="TrqOscCmd_MtrNm_T_f32" t="4" d="1"/>
<D id="24" f="10" l="314" c="16" n="ReturnDDFactor_Uls_T_f32" t="4" d="1"/>
<D id="25" f="10" l="305" c="16" n="HwTrqFilt_HwNm_T_f32" t="4" d="1"/>
<D id="26" f="8" l="1161" c="15" n="s4p27_T" t="7" d="1"/>
<D id="27" f="8" l="1071" c="15" n="s19p12_T" t="7" d="1"/>
<D id="28" f="8" l="1143" c="15" n="s7p24_T" t="7" d="1"/>
<D id="29" f="8" l="1053" c="15" n="s22p9_T" t="7" d="1"/>
<D id="30" f="8" l="1125" c="15" n="s10p21_T" t="7" d="1"/>
<D id="31" f="10" l="315" c="16" n="DampingDDFactor_Uls_T_f32" t="4" d="1"/>
<D id="32" f="8" l="1035" c="15" n="s25p6_T" t="7" d="1"/>
<D id="33" f="10" l="306" c="16" n="APAlowDisableRate_pSec_T_f32" t="4" d="1"/>
<D id="34" f="15" l="109" c="23" n="size_t" t="7" d="1"/>
<D id="35" f="8" l="1107" c="15" n="s13p18_T" t="7" d="1"/>
<D id="36" f="8" l="1017" c="15" n="s28p3_T" t="7" d="1"/>
<D id="37" f="15" l="513" c="34" n="random" t="4" d="1"/>
<D id="38" f="10" l="307" c="16" n="APADisableRate_Uls_T_f32" t="4" d="1"/>
<D id="39" f="15" l="535" c="23" n="_polyspace_random_ulong" t="5" d="1"/>
<D id="40" f="10" l="318" c="15" n="HwTrqFilt_HwNm_T_u4p12" t="4" d="1"/>
<D id="41" f="15" l="505" c="25" n="random" t="4" d="1"/>
<D id="42" f="10" l="291" c="16" n="MaxSecVehSpd_Kph_T_f32" t="4" d="1"/>
<D id="43" f="8" l="1173" c="15" n="s2p29_T" t="7" d="1"/>
<D id="44" f="10" l="308" c="16" n="APASmoothing_Uls_T_f32" t="4" d="1"/>
<D id="45" f="8" l="1083" c="15" n="s17p14_T" t="7" d="1"/>
<D id="46" f="15" l="542" c="16" n="_polyspace_random_double" t="5" d="1"/>
<D id="47" f="15" l="519" c="13" n="_polyspace_random_int" t="5" d="1"/>
<D id="48" f="8" l="1155" c="15" n="s5p26_T" t="7" d="1"/>
<D id="49" f="10" l="319" c="15" n="APAlowDisableRate_pSec_T_u7p9" t="4" d="1"/>
<D id="50" f="8" l="1065" c="15" n="s20p11_T" t="7" d="1"/>
<D id="51" f="15" l="527" c="14" n="_polyspace_random_long" t="5" d="1"/>
<D id="52" f="8" l="1137" c="15" n="s8p23_T" t="7" d="1"/>
<D id="53" f="8" l="1047" c="15" n="s23p8_T" t="7" d="1"/>
<D id="54" f="10" l="292" c="16" n="LKADesired_HwNm_T_f32" t="4" d="1"/>
<D id="55" f="8" l="1119" c="15" n="s11p20_T" t="7" d="1"/>
<D id="56" f="10" l="309" c="16" n="Scalefactor_Uls_T_f32" t="4" d="1"/>
<D id="57" f="8" l="1029" c="15" n="s26p5_T" t="7" d="1"/>
<D id="58" f="10" l="342" c="46" n="fabsf" t="2" d="0"/>
<D id="59" f="10" l="293" c="16" n="FinalSlew_NmpSec_T_f32" t="4" d="1"/>
<D id="60" f="8" l="1185" c="15" n="s0p31_T" t="7" d="1"/>
<D id="61" f="10" l="288" c="23" n="LKA_State_T_enum" t="4" d="1"/>
<D id="62" f="10" l="294" c="16" n="LKATrqReq_HwNm_T_f32" t="4" d="1"/>
<D id="63" f="8" l="1095" c="15" n="s15p16_T" t="7" d="1"/>
<D id="64" f="8" l="1167" c="15" n="s3p28_T" t="7" d="1"/>
<D id="65" f="8" l="1077" c="15" n="s18p13_T" t="7" d="1"/>
<D id="66" f="8" l="1149" c="15" n="s6p25_T" t="7" d="1"/>
<D id="67" f="8" l="1059" c="15" n="s21p10_T" t="7" d="1"/>
<D id="68" f="10" l="295" c="16" n="LKATrqDel_HwNm_T_f32" t="4" d="1"/>
<D id="69" f="15" l="537" c="34" n="random" t="4" d="1"/>
<D id="70" f="13" l="59" c="135" n="FiltK_Cnt_T_Str" t="4" d="1"/>
<D id="71" f="10" l="296" c="16" n="ESCTrqReq_HwNm_T_f32" t="4" d="1"/>
<D id="72" f="10" l="287" c="16" n="LKACmd_HwNm_T_f32" t="4" d="1"/>
<D id="73" f="15" l="544" c="27" n="random" t="4" d="1"/>
<D id="74" f="15" l="529" c="25" n="random" t="4" d="1"/>
<D id="75" f="10" l="297" c="16" n="ESCTrqDel_HwNm_T_f32" t="4" d="1"/>
<D id="76" f="8" l="1179" c="15" n="s1p30_T" t="7" d="1"/>
<D id="77" f="8" l="1089" c="15" n="s16p15_T" t="7" d="1"/>
<D id="78" f="10" l="298" c="16" n="ESCIsLimited_Cnt_T_lgc" t="4" d="1"/>
<D id="79" f="10" l="289" c="16" n="ESCCmd_HwNm_T_f32" t="4" d="1"/>
<D id="80" f="10" l="299" c="26" n="GMOSHOscillate_State_T_enum" t="4" d="1"/>
<D id="81" f="15" l="3589" c="4" n="__polyspace_nb_varargs" t="1" d="1"/>
<D id="82" f="15" l="3588" c="7" n="__polyspace_vararg" t="1" d="1"/>
<D id="83" f="10" l="207" c="130" n="expf" t="2" d="0"/>
<D id="84" f="13" l="100" c="134" n="FiltK_Cnt_T_Str" t="4" d="1"/>
<D id="85" f="15" l="6934" c="14" n="_polyspace_compare_function_type" t="7" d="1"/>
<D id="86" f="7" l="43" c="1" n="LPF32KSV_Str" t="7" d="1"/>
<D id="87" f="7" l="36" c="1" n="NotchFiltSV_Str" t="7" d="1"/>
<D id="88" f="7" l="29" c="1" n="NotchFiltK_Str" t="7" d="1"/>
<D id="89" f="7" l="48" c="1" n="HPF32KSV_Str" t="7" d="1"/>
<D id="90" f="15" l="11394" c="21" n="HUGE_VAL" t="1" d="1"/>
<D id="91" f="15" l="11376" c="12" n="_polyspace_random_long_double" t="2" d="1"/>
<D id="92" f="15" l="11395" c="21" n="HUGE_VALF" t="1" d="1"/>
<D id="93" f="15" l="11396" c="21" n="HUGE_VALL" t="1" d="1"/>
<D id="94" f="15" l="12238" c="16" n="__polyspace_absolute_address" t="1" d="1"/>
<D id="95" f="15" l="11378" c="23" n="random" t="4" d="1"/>
<D id="96" f="11" l="4" c="20" n="Rte_Call_TrqArblim_Per1_CP0_CheckpointReached" t="2" d="0"/>
<D id="97" f="9" l="40" c="20" n="t_APASmoothX_Uls_u2p14" t="1" d="0"/>
<D id="98" f="11" l="5" c="20" n="Rte_Call_TrqArblim_Per1_CP1_CheckpointReached" t="2" d="0"/>
<D id="99" f="9" l="41" c="20" n="t_APASmoothY_Uls_u2p14" t="1" d="0"/>
<D id="100" f="4" l="511" c="2" n="Rte_DE_ESC_State_enum" t="7" d="1"/>
<D id="101" f="9" l="31" c="21" n="k_APASmoothHwTrqLPFKn_Hz_f32" t="1" d="0"/>
<D id="102" f="9" l="42" c="20" n="t_APADisableRateX_HwNm_u4p12" t="1" d="0"/>
<D id="103" f="6" l="52" c="20" n="__huge_val" t="3" d="1"/>
<D id="104" f="7" l="41" c="12" n="SV_Uls_f32" t="9" d="1"/>
<D id="105" f="4" l="521" c="2" n="Rte_DE_LKA_State_enum" t="7" d="1"/>
<D id="106" f="9" l="32" c="21" n="k_APAEnableRate_pSec_f32" t="1" d="0"/>
<D id="107" f="9" l="43" c="20" n="t_APADisableRateY_pSec_u7p9" t="1" d="0"/>
<D id="108" f="7" l="42" c="12" n="K_Uls_f32" t="9" d="1"/>
<D id="109" f="6" l="43" c="30" n="__c" t="9" d="1"/>
<D id="110" f="9" l="33" c="21" n="k_APAUseAsstScale_lgc" t="1" d="0"/>
<D id="111" f="9" l="34" c="21" n="k_APAUseRetScale_lgc" t="1" d="0"/>
<D id="112" f="3" l="117" c="2" n="Std_VersionInfoType" t="7" d="1"/>
<D id="113" f="9" l="35" c="21" n="k_APAUseADmpScale_lgc" t="1" d="0"/>
<D id="114" f="4" l="506" c="2" n="Rte_DE_Float" t="7" d="1"/>
<D id="115" f="9" l="36" c="21" n="k_LKAUseSlewCal_lgc" t="1" d="0"/>
<D id="116" f="4" l="43" c="14" n="ESC_State_enum" t="7" d="1"/>
<D id="117" f="9" l="38" c="20" n="t_LKASlewX_Kph_u8p8" t="1" d="0"/>
<D id="118" f="4" l="516" c="2" n="Rte_DE_Haptic_State_enum" t="7" d="1"/>
<D id="119" f="9" l="37" c="21" n="k_ESCMax_HwNm_f32" t="1" d="0"/>
<D id="120" f="5" l="41" c="43" n="Rte_Instance" t="7" d="1"/>
<D id="121" f="9" l="39" c="20" n="t_LKASlewY_NmpSec_u4p12" t="1" d="0"/>
<D id="122" f="1" l="45" c="14" n="__va_list" t="7" d="1"/>
<D id="123" f="7" l="35" c="32" n="KPtr_Cnt_Str" t="9" d="1"/>
<D id="124" f="4" l="526" c="2" n="Rte_DE_Boolean" t="7" d="1"/>
<D id="125" f="6" l="43" c="52" n="__huge_val_t" t="7" d="1"/>
<D id="126" f="1" l="50" c="18" n="__gnuc_va_list" t="7" d="1"/>
<D id="127" f="4" l="35" c="16" n="Boolean" t="7" d="1"/>
<D id="128" f="7" l="24" c="17" n="A1_Uls_f32" t="9" d="1"/>
<D id="129" f="5" l="75" c="15" n="Rte_Call_Ap_TrqArblim_FaultInjection_SCom_FltInjection" t="2" d="0"/>
<D id="130" f="7" l="25" c="17" n="A2_Uls_f32" t="9" d="1"/>
<D id="131" f="7" l="32" c="64" n="SV1_Uls_f32" t="9" d="1"/>
<D id="132" f="6" l="43" c="45" n="__d" t="9" d="1"/>
<D id="133" f="7" l="26" c="17" n="B0_Uls_f32" t="9" d="1"/>
<D id="134" f="7" l="33" c="64" n="SV2_Uls_f32" t="9" d="1"/>
<D id="135" f="4" l="38" c="16" n="Float" t="7" d="1"/>
<D id="136" f="4" l="533" c="7" n="Rte_CDS_Ap_TrqArblim" t="6" d="1"/>
<D id="137" f="4" l="88" c="14" n="FltInjectionLocType" t="7" d="1"/>
<D id="138" f="7" l="27" c="17" n="B1_Uls_f32" t="9" d="1"/>
<D id="139" f="7" l="34" c="64" n="Out_Uls_f32" t="9" d="1"/>
<D id="140" f="4" l="505" c="8" n="value" t="9" d="1"/>
<D id="141" f="7" l="46" c="17" n="LPF_Str" t="9" d="1"/>
<D id="142" f="7" l="28" c="17" n="B2_Uls_f32" t="9" d="1"/>
<D id="143" f="13" l="57" c="6" n="NF_SvUpdate_f32" t="2" d="1"/>
<D id="144" f="7" l="47" c="17" n="CF_Uls_f32" t="9" d="1"/>
<D id="145" f="1" l="49" c="18" n="va_list" t="7" d="1"/>
<D id="146" f="3" l="111" c="10" n="vendorID" t="9" d="1"/>
<D id="147" f="3" l="112" c="10" n="moduleID" t="9" d="1"/>
<D id="148" f="3" l="113" c="10" n="instanceID" t="9" d="1"/>
<D id="149" f="3" l="100" c="22" n="StatusType" t="7" d="1"/>
<D id="150" f="3" l="114" c="10" n="sw_major_version" t="9" d="1"/>
<D id="151" f="3" l="115" c="10" n="sw_minor_version" t="9" d="1"/>
<D id="152" f="10" l="200" c="5" n="TrqArblim_Init" t="2" d="1"/>
<D id="153" f="13" l="82" c="9" n="NF_OpUpdate_f32" t="2" d="1"/>
<D id="154" f="3" l="116" c="10" n="sw_patch_version" t="9" d="1"/>
<D id="155" f="12" l="38" c="9" n="Blend_f32" t="2" d="1"/>
<D id="156" f="4" l="525" c="10" n="value" t="9" d="1"/>
<D id="157" f="4" l="515" c="20" n="value" t="9" d="1"/>
<D id="158" f="14" l="31" c="14" n="IntplVarXY_u16_u16Xu16Y_Cnt" t="2" d="0"/>
<D id="159" f="8" l="210" c="15" n="u19pm3_T" t="7" d="1"/>
<D id="160" f="4" l="412" c="14" n="SInt4" t="7" d="1"/>
<D id="161" f="4" l="402" c="15" n="SInt16" t="7" d="1"/>
<D id="162" f="4" l="432" c="14" n="UInt4" t="7" d="1"/>
<D id="163" f="8" l="150" c="15" n="um4p20_T" t="7" d="1"/>
<D id="164" f="10" l="80" c="15" n="TrqArblim_PosSrvoCmd_MtrNm_M_f32" t="3" d="1"/>
<D id="165" f="8" l="222" c="15" n="u21pm5_T" t="7" d="1"/>
<D id="166" f="3" l="107" c="14" n="Std_ReturnType" t="7" d="1"/>
<D id="167" f="8" l="132" c="15" n="um1p17_T" t="7" d="1"/>
<D id="168" f="10" l="87" c="20" n="TrqArblim_HwTorqueSV_HwNm_M_Str" t="3" d="1"/>
<D id="169" f="13" l="98" c="9" n="NF_FullUpdate_f32" t="2" d="1"/>
<D id="170" f="4" l="422" c="15" n="UInt16" t="7" d="1"/>
<D id="171" f="8" l="204" c="15" n="u18pm2_T" t="7" d="1"/>
<D id="172" f="13" l="57" c="30" n="In_Uls_T_f32" t="4" d="1"/>
<D id="173" f="4" l="510" c="17" n="value" t="9" d="1"/>
<D id="174" f="8" l="251" c="15" n="um1p33_T" t="7" d="1"/>
<D id="175" f="8" l="621" c="15" n="u11p5_T" t="7" d="1"/>
<D id="176" f="8" l="910" c="15" n="u13p19_T" t="7" d="1"/>
<D id="177" f="8" l="820" c="15" n="u28p4_T" t="7" d="1"/>
<D id="178" f="8" l="603" c="15" n="u14p2_T" t="7" d="1"/>
<D id="179" f="4" l="540" c="25" n="TrqArblim_Per1_ESCState_State_enum" t="9" d="1"/>
<D id="180" f="8" l="721" c="15" n="s11p4_T" t="7" d="1"/>
<D id="181" f="8" l="802" c="15" n="u31p1_T" t="7" d="1"/>
<D id="182" f="4" l="520" c="17" n="value" t="9" d="1"/>
<D id="183" f="8" l="180" c="15" n="um9p25_T" t="7" d="1"/>
<D id="184" f="2" l="120" c="28" n="uint64" t="7" d="1"/>
<D id="185" f="4" l="317" c="14" n="Haptic_State_enum" t="7" d="1"/>
<D id="186" f="8" l="703" c="15" n="s14p1_T" t="7" d="1"/>
<D id="187" f="10" l="281" c="5" n="TrqArblim_Per1" t="2" d="1"/>
<D id="188" f="2" l="111" c="28" n="boolean" t="7" d="1"/>
<D id="189" f="8" l="162" c="15" n="um6p22_T" t="7" d="1"/>
<D id="190" f="13" l="82" c="33" n="In_Uls_T_f32" t="4" d="1"/>
<D id="191" f="4" l="417" c="14" n="SInt8" t="7" d="1"/>
<D id="192" f="8" l="144" c="15" n="um3p19_T" t="7" d="1"/>
<D id="193" f="4" l="541" c="16" n="TrqArblim_Per1_ESCTorqueDelivered_HwNm_f32" t="9" d="1"/>
<D id="194" f="8" l="216" c="15" n="u20pm4_T" t="7" d="1"/>
<D id="195" f="8" l="421" c="17" n="s21pm6_T" t="7" d="1"/>
<D id="196" f="8" l="331" c="17" n="sm4p19_T" t="7" d="1"/>
<D id="197" f="4" l="346" c="14" n="LKA_State_enum" t="7" d="1"/>
<D id="198" f="4" l="407" c="15" n="SInt32" t="7" d="1"/>
<D id="199" f="8" l="403" c="17" n="s18pm3_T" t="7" d="1"/>
<D id="200" f="8" l="651" c="15" n="u6p10_T" t="7" d="1"/>
<D id="201" f="8" l="940" c="15" n="u8p24_T" t="7" d="1"/>
<D id="202" f="10" l="75" c="24" n="TrqArblim_LKADesired_HwNm_D_f32" t="3" d="1"/>
<D id="203" f="4" l="551" c="16" n="TrqArblim_Per1_PosSrvoCmd_MtrNm_f32" t="9" d="1"/>
<D id="204" f="8" l="313" c="17" n="sm1p16_T" t="7" d="1"/>
<D id="205" f="8" l="850" c="15" n="u23p9_T" t="7" d="1"/>
<D id="206" f="8" l="633" c="15" n="u9p7_T" t="7" d="1"/>
<D id="207" f="8" l="922" c="15" n="u11p21_T" t="7" d="1"/>
<D id="208" f="2" l="122" c="28" n="uint8_least" t="7" d="1"/>
<D id="209" f="8" l="751" c="15" n="s6p9_T" t="7" d="1"/>
<D id="210" f="8" l="832" c="15" n="u26p6_T" t="7" d="1"/>
<D id="211" f="10" l="88" c="22" n="TrqArblim_ESC_State_Cnt_M_enum" t="3" d="1"/>
<D id="212" f="2" l="113" c="28" n="sint8" t="7" d="1"/>
<D id="213" f="4" l="437" c="14" n="UInt8" t="7" d="1"/>
<D id="214" f="8" l="245" c="15" n="u33pm1_T" t="7" d="1"/>
<D id="215" f="8" l="615" c="15" n="u12p4_T" t="7" d="1"/>
<D id="216" f="8" l="904" c="15" n="u14p18_T" t="7" d="1"/>
<D id="217" f="8" l="733" c="15" n="s9p6_T" t="7" d="1"/>
<D id="218" f="8" l="814" c="15" n="u29p3_T" t="7" d="1"/>
<D id="219" f="10" l="76" c="24" n="TrqArblim_FinalSlew_NmpSec_D_f32" t="3" d="1"/>
<D id="220" f="4" l="552" c="16" n="TrqArblim_Per1_ReturnDDFactor_Uls_f32" t="9" d="1"/>
<D id="221" f="8" l="192" c="15" n="um11p27_T" t="7" d="1"/>
<D id="222" f="2" l="132" c="28" n="float32" t="7" d="1"/>
<D id="223" f="4" l="543" c="16" n="TrqArblim_Per1_HwTorque_HwNm_f32" t="9" d="1"/>
<D id="224" f="8" l="715" c="15" n="s12p3_T" t="7" d="1"/>
<D id="225" f="2" l="123" c="28" n="uint16_least" t="7" d="1"/>
<D id="226" f="4" l="427" c="15" n="UInt32" t="7" d="1"/>
<D id="227" f="4" l="447" c="14" n="Rte_ModeType_StaMd_Mode" t="7" d="1"/>
<D id="228" f="8" l="174" c="15" n="um8p24_T" t="7" d="1"/>
<D id="229" f="2" l="114" c="28" n="uint8" t="7" d="1"/>
<D id="230" f="8" l="156" c="15" n="um5p21_T" t="7" d="1"/>
<D id="231" f="8" l="445" c="15" n="s25pm10_T" t="7" d="1"/>
<D id="232" f="10" l="77" c="24" n="TrqArblim_APASmoothing_Uls_D_f32" t="3" d="1"/>
<D id="233" f="4" l="553" c="16" n="TrqArblim_Per1_TrqOscCmd_MtrNm_f32" t="9" d="1"/>
<D id="234" f="8" l="228" c="15" n="u22pm6_T" t="7" d="1"/>
<D id="235" f="8" l="361" c="17" n="sm9p24_T" t="7" d="1"/>
<D id="236" f="2" l="133" c="28" n="float64" t="7" d="1"/>
<D id="237" f="4" l="544" c="16" n="TrqArblim_Per1_IqTrqOv_HwNm_f32" t="9" d="1"/>
<D id="238" f="4" l="550" c="18" n="TrqArblim_Per1_PosServEnable_Cnt_lgc" t="9" d="1"/>
<D id="239" f="8" l="138" c="15" n="um2p18_T" t="7" d="1"/>
<D id="240" f="8" l="433" c="17" n="s23pm8_T" t="7" d="1"/>
<D id="241" f="8" l="681" c="15" n="u1p15_T" t="7" d="1"/>
<D id="242" f="8" l="970" c="15" n="u3p29_T" t="7" d="1"/>
<D id="243" f="2" l="124" c="28" n="uint32_least" t="7" d="1"/>
<D id="244" f="8" l="343" c="17" n="sm6p21_T" t="7" d="1"/>
<D id="245" f="8" l="591" c="15" n="u16p0_T" t="7" d="1"/>
<D id="246" f="8" l="880" c="15" n="u18p14_T" t="7" d="1"/>
<D id="247" f="2" l="115" c="28" n="sint16" t="7" d="1"/>
<D id="248" f="8" l="415" c="17" n="s20pm5_T" t="7" d="1"/>
<D id="249" f="8" l="663" c="15" n="u4p12_T" t="7" d="1"/>
<D id="250" f="8" l="952" c="15" n="u6p26_T" t="7" d="1"/>
<D id="251" f="8" l="492" c="15" n="s38pm7_T" t="7" d="1"/>
<D id="252" f="8" l="781" c="15" n="s1p14_T" t="7" d="1"/>
<D id="253" f="8" l="862" c="15" n="u21p11_T" t="7" d="1"/>
<D id="254" f="8" l="645" c="15" n="u7p9_T" t="7" d="1"/>
<D id="255" f="8" l="934" c="15" n="u9p23_T" t="7" d="1"/>
<D id="256" f="10" l="78" c="15" n="TrqArblim_PreLKATrqReq_HwNm_M_f32" t="3" d="1"/>
<D id="257" f="4" l="545" c="16" n="TrqArblim_Per1_LKACmd_HwNm_f32" t="9" d="1"/>
<D id="258" f="8" l="480" c="17" n="sm11p42_T" t="7" d="1"/>
<D id="259" f="8" l="763" c="15" n="s4p11_T" t="7" d="1"/>
<D id="260" f="8" l="844" c="15" n="u24p8_T" t="7" d="1"/>
<D id="261" f="2" l="125" c="28" n="uint64_least" t="7" d="1"/>
<D id="262" f="4" l="536" c="16" n="TrqArblim_Per1_AssistDDFactor_Uls_f32" t="9" d="1"/>
<D id="263" f="8" l="257" c="15" n="um3p35_T" t="7" d="1"/>
<D id="264" f="8" l="627" c="15" n="u10p6_T" t="7" d="1"/>
<D id="265" f="8" l="916" c="15" n="u12p20_T" t="7" d="1"/>
<D id="266" f="2" l="116" c="28" n="uint16" t="7" d="1"/>
<D id="267" f="8" l="462" c="17" n="sm2p33_T" t="7" d="1"/>
<D id="268" f="8" l="745" c="15" n="s7p8_T" t="7" d="1"/>
<D id="269" f="8" l="826" c="15" n="u27p5_T" t="7" d="1"/>
<D id="270" f="8" l="239" c="15" n="u34pm2_T" t="7" d="1"/>
<D id="271" f="8" l="609" c="15" n="u13p3_T" t="7" d="1"/>
<D id="272" f="4" l="546" c="25" n="TrqArblim_Per1_LKAState_State_enum" t="9" d="1"/>
<D id="273" f="8" l="727" c="15" n="s10p5_T" t="7" d="1"/>
<D id="274" f="8" l="808" c="15" n="u30p2_T" t="7" d="1"/>
<D id="275" f="10" l="79" c="15" n="TrqArblim_APADisableRate_Uls_M_f32" t="3" d="1"/>
<D id="276" f="8" l="186" c="15" n="um10p26_T" t="7" d="1"/>
<D id="277" f="2" l="126" c="28" n="sint8_least" t="7" d="1"/>
<D id="278" f="4" l="537" c="16" n="TrqArblim_Per1_DampingDDFactor_Uls_f32" t="9" d="1"/>
<D id="279" f="8" l="325" c="18" n="sm3p18_T" t="7" d="1"/>
<D id="280" f="8" l="391" c="17" n="s16pm1_T" t="7" d="1"/>
<D id="281" f="8" l="709" c="15" n="s13p2_T" t="7" d="1"/>
<D id="282" f="2" l="117" c="28" n="sint32" t="7" d="1"/>
<D id="283" f="8" l="168" c="15" n="um7p23_T" t="7" d="1"/>
<D id="284" f="4" l="542" c="28" n="TrqArblim_Per1_GMOSHOscillate_State_enum" t="9" d="1"/>
<D id="285" f="8" l="373" c="17" n="sm11p26_T" t="7" d="1"/>
<D id="286" f="8" l="982" c="15" n="u1p31_T" t="7" d="1"/>
<D id="287" f="15" l="485" c="4" n="errno" t="1" d="1"/>
<D id="288" f="4" l="547" c="16" n="TrqArblim_Per1_LKATorqueDelivered_HwNm_f32" t="9" d="1"/>
<D id="289" f="8" l="355" c="17" n="sm8p23_T" t="7" d="1"/>
<D id="290" f="8" l="892" c="15" n="u16p16_T" t="7" d="1"/>
<D id="291" f="12" l="38" c="27" n="In1_Uls_T_f32" t="4" d="1"/>
<D id="292" f="13" l="83" c="73" n="SVPtr_Cnt_T_Str" t="4" d="1"/>
<D id="293" f="2" l="127" c="28" n="sint16_least" t="7" d="1"/>
<D id="294" f="4" l="538" c="16" n="TrqArblim_Per1_ESCCmd_HwNm_f32" t="9" d="1"/>
<D id="295" f="8" l="427" c="17" n="s22pm7_T" t="7" d="1"/>
<D id="296" f="8" l="675" c="15" n="u2p14_T" t="7" d="1"/>
<D id="297" f="8" l="964" c="15" n="u4p28_T" t="7" d="1"/>
<D id="298" f="2" l="118" c="28" n="uint32" t="7" d="1"/>
<D id="299" f="8" l="337" c="17" n="sm5p20_T" t="7" d="1"/>
<D id="300" f="8" l="874" c="15" n="u19p13_T" t="7" d="1"/>
<D id="301" f="8" l="409" c="17" n="s19pm4_T" t="7" d="1"/>
<D id="302" f="8" l="657" c="15" n="u5p11_T" t="7" d="1"/>
<D id="303" f="8" l="946" c="15" n="u7p25_T" t="7" d="1"/>
<D id="304" f="8" l="319" c="17" n="sm2p17_T" t="7" d="1"/>
<D id="305" f="8" l="486" c="15" n="s32pm1_T" t="7" d="1"/>
<D id="306" f="8" l="775" c="15" n="s2p13_T" t="7" d="1"/>
<D id="307" f="8" l="856" c="15" n="u22p10_T" t="7" d="1"/>
<D id="308" f="4" l="548" c="16" n="TrqArblim_Per1_MaxSecureVehicleSpeed_Kph_f32" t="9" d="1"/>
<D id="309" f="8" l="639" c="15" n="u8p8_T" t="7" d="1"/>
<D id="310" f="8" l="928" c="15" n="u10p22_T" t="7" d="1"/>
<D id="311" f="2" l="128" c="28" n="sint32_least" t="7" d="1"/>
<D id="312" f="8" l="474" c="17" n="sm4p35_T" t="7" d="1"/>
<D id="313" f="8" l="757" c="15" n="s5p10_T" t="7" d="1"/>
<D id="314" f="8" l="838" c="15" n="u25p7_T" t="7" d="1"/>
<D id="315" f="2" l="119" c="28" n="sint64" t="7" d="1"/>
<D id="316" f="8" l="456" c="17" n="sm1p32_T" t="7" d="1"/>
<D id="317" f="8" l="739" c="15" n="s8p7_T" t="7" d="1"/>
<D id="318" f="8" l="198" c="15" n="u17pm1_T" t="7" d="1"/>
<D id="319" f="4" l="549" c="16" n="TrqArblim_Per1_OpTrqOv_MtrNm_f32" t="9" d="1"/>
<D id="320" f="4" l="560" c="48" n="Rte_Inst_Ap_TrqArblim" t="1" d="0"/>
<D id="321" f="2" l="129" c="28" n="sint64_least" t="7" d="1"/>
<D id="322" f="8" l="385" c="17" n="sm13p28_T" t="7" d="1"/>
<D id="323" f="12" l="40" c="97" n="Factor_Uls_T_f32" t="4" d="1"/>
<D id="324" f="4" l="397" c="16" n="Double" t="7" d="1"/>
<D id="325" f="8" l="367" c="17" n="sm10p25_T" t="7" d="1"/>
<D id="326" f="8" l="439" c="17" n="s24pm9_T" t="7" d="1"/>
<D id="327" f="8" l="687" c="15" n="u0p16_T" t="7" d="1"/>
<D id="328" f="8" l="976" c="15" n="u2p30_T" t="7" d="1"/>
<D id="329" f="8" l="349" c="17" n="sm7p22_T" t="7" d="1"/>
<D id="330" f="8" l="597" c="15" n="u15p1_T" t="7" d="1"/>
<D id="331" f="8" l="886" c="15" n="u17p15_T" t="7" d="1"/>
<D id="332" f="8" l="669" c="15" n="u3p13_T" t="7" d="1"/>
<D id="333" f="8" l="796" c="15" n="u32p0_T" t="7" d="1"/>
<D id="334" f="8" l="958" c="15" n="u5p27_T" t="7" d="1"/>
<D id="335" f="13" l="98" c="35" n="In_Uls_T_f32" t="4" d="1"/>
<D id="336" f="8" l="787" c="15" n="s0p15_T" t="7" d="1"/>
<D id="337" f="8" l="868" c="15" n="u20p12_T" t="7" d="1"/>
<D id="338" f="8" l="697" c="15" n="s15p0_T" t="7" d="1"/>
<D id="339" f="8" l="769" c="15" n="s3p12_T" t="7" d="1"/>
<D id="340" f="13" l="58" c="74" n="SVPtr_Cnt_T_Str" t="4" d="1"/>
<D id="341" f="4" l="539" c="18" n="TrqArblim_Per1_ESCIsLimited_Cnt_lgc" t="9" d="1"/>
<D id="342" f="8" l="468" c="17" n="sm3p34_T" t="7" d="1"/>
<D id="343" f="8" l="397" c="17" n="s17pm2_T" t="7" d="1"/>
<D id="344" f="8" l="379" c="17" n="sm12p27_T" t="7" d="1"/>
<D id="345" f="8" l="988" c="15" n="u0p32_T" t="7" d="1"/>
<D id="346" f="8" l="898" c="15" n="u15p17_T" t="7" d="1"/>
<D id="347" f="13" l="99" c="73" n="SVPtr_Cnt_T_Str" t="4" d="1"/>
<D id="348" f="8" l="999" c="15" n="s31p0_T" t="7" d="1"/>
<D id="349" f="12" l="39" c="97" n="In2_Uls_T_f32" t="4" d="1"/>
</Definitions>
<Uses>
<U id="1" f="13" l="104" c="20" d="335" a="0"/>
<U id="2" f="14" l="22" c="111" d="266" a="0"/>
<U id="3" f="13" l="63" c="100" d="123" a="0"/>
<U id="4" f="10" l="511" c="39" d="21" a="0"/>
<U id="5" f="13" l="105" c="29" d="139" a="0"/>
<U id="6" f="14" l="23" c="111" d="266" a="0"/>
<U id="7" f="10" l="503" c="39" d="62" a="0"/>
<U id="8" f="15" l="530" c="11" d="74" a="0"/>
<U id="9" f="14" l="24" c="111" d="247" a="0"/>
<U id="10" f="10" l="520" c="40" d="341" a="0"/>
<U id="11" f="13" l="105" c="12" d="347" a="0"/>
<U id="12" f="10" l="513" c="39" d="24" a="0"/>
<U id="13" f="14" l="25" c="111" d="247" a="0"/>
<U id="14" f="10" l="207" c="11" d="168" a="1"/>
<U id="15" f="14" l="22" c="131" d="247" a="0"/>
<U id="16" f="10" l="521" c="40" d="262" a="0"/>
<U id="17" f="15" l="522" c="11" d="22" a="0"/>
<U id="18" f="10" l="512" c="40" d="31" a="0"/>
<U id="19" f="10" l="405" c="12" d="111" a="0"/>
<U id="20" f="14" l="23" c="131" d="266" a="0"/>
<U id="21" f="10" l="522" c="40" d="278" a="0"/>
<U id="22" f="15" l="514" c="11" d="37" a="0"/>
<U id="23" f="10" l="330" c="51" d="179" a="0"/>
<U id="24" f="10" l="371" c="39" d="296" a="0"/>
<U id="25" f="10" l="504" c="40" d="135" a="0"/>
<U id="26" f="10" l="350" c="50" d="49" a="0"/>
<U id="27" f="10" l="415" c="12" d="113" a="0"/>
<U id="28" f="10" l="507" c="29" d="68" a="0"/>
<U id="29" f="14" l="24" c="131" d="247" a="0"/>
<U id="30" f="10" l="432" c="13" d="61" a="0"/>
<U id="31" f="10" l="327" c="29" d="320" a="0"/>
<U id="32" f="10" l="452" c="12" d="115" a="0"/>
<U id="33" f="13" l="103" c="24" d="335" a="0"/>
<U id="34" f="10" l="523" c="40" d="319" a="0"/>
<U id="35" f="10" l="353" c="12" d="33" a="0"/>
<U id="36" f="15" l="506" c="11" d="41" a="0"/>
<U id="37" f="14" l="25" c="131" d="266" a="0"/>
<U id="38" f="13" l="104" c="51" d="84" a="0"/>
<U id="39" f="10" l="371" c="49" d="38" a="0"/>
<U id="40" f="14" l="26" c="149" d="266" a="0"/>
<U id="41" f="10" l="524" c="40" d="220" a="0"/>
<U id="42" f="13" l="59" c="119" d="88" a="0"/>
<U id="43" f="10" l="511" c="70" d="135" a="0"/>
<U id="44" f="10" l="344" c="40" d="158" a="0"/>
<U id="45" f="13" l="85" c="111" d="190" a="0"/>
<U id="46" f="10" l="411" c="16" d="24" a="1"/>
<U id="47" f="10" l="433" c="50" d="185" a="0"/>
<U id="48" f="14" l="26" c="113" d="266" a="0"/>
<U id="49" f="10" l="335" c="31" d="320" a="0"/>
<U id="50" f="10" l="402" c="16" d="21" a="1"/>
<U id="51" f="14" l="27" c="149" d="266" a="0"/>
<U id="52" f="10" l="329" c="29" d="320" a="0"/>
<U id="53" f="10" l="521" c="79" d="140" a="0"/>
<U id="54" f="10" l="337" c="39" d="320" a="0"/>
<U id="55" f="10" l="340" c="34" d="168" a="1"/>
<U id="56" f="13" l="104" c="34" d="347" a="0"/>
<U id="57" f="10" l="421" c="16" d="31" a="1"/>
<U id="58" f="10" l="510" c="35" d="68" a="0"/>
<U id="59" f="14" l="27" c="113" d="266" a="0"/>
<U id="60" f="10" l="411" c="44" d="135" a="0"/>
<U id="61" f="14" l="28" c="149" d="266" a="0"/>
<U id="62" f="10" l="402" c="44" d="135" a="0"/>
<U id="63" f="10" l="426" c="22" d="129" a="0"/>
<U id="64" f="15" l="545" c="11" d="73" a="0"/>
<U id="65" f="13" l="63" c="114" d="138" a="0"/>
<U id="66" f="10" l="207" c="60" d="135" a="0"/>
<U id="67" f="10" l="393" c="39" d="6" a="0"/>
<U id="68" f="10" l="440" c="16" d="54" a="1"/>
<U id="69" f="10" l="332" c="34" d="320" a="0"/>
<U id="70" f="10" l="440" c="89" d="72" a="0"/>
<U id="71" f="10" l="513" c="70" d="135" a="0"/>
<U id="72" f="10" l="517" c="40" d="237" a="0"/>
<U id="73" f="14" l="28" c="113" d="247" a="0"/>
<U id="74" f="10" l="503" c="16" d="68" a="1"/>
<U id="75" f="14" l="29" c="149" d="266" a="0"/>
<U id="76" f="10" l="520" c="17" d="320" a="0"/>
<U id="77" f="10" l="342" c="52" d="25" a="0"/>
<U id="78" f="10" l="344" c="69" d="102" a="1"/>
<U id="79" f="10" l="362" c="51" d="11" a="0"/>
<U id="80" f="10" l="432" c="34" d="197" a="0"/>
<U id="81" f="10" l="440" c="44" d="72" a="0"/>
<U id="82" f="10" l="443" c="42" d="54" a="0"/>
<U id="83" f="14" l="29" c="113" d="247" a="0"/>
<U id="84" f="10" l="518" c="40" d="288" a="0"/>
<U id="85" f="10" l="522" c="89" d="31" a="0"/>
<U id="86" f="10" l="504" c="16" d="75" a="1"/>
<U id="87" f="10" l="522" c="80" d="140" a="0"/>
<U id="88" f="10" l="521" c="17" d="320" a="0"/>
<U id="89" f="10" l="436" c="41" d="135" a="0"/>
<U id="90" f="10" l="460" c="16" d="59" a="1"/>
<U id="91" f="10" l="421" c="45" d="135" a="0"/>
<U id="92" f="10" l="486" c="11" d="58" a="0"/>
<U id="93" f="10" l="514" c="34" d="14" a="0"/>
<U id="94" f="10" l="524" c="79" d="140" a="0"/>
<U id="95" f="15" l="538" c="11" d="69" a="0"/>
<U id="96" f="10" l="361" c="16" d="38" a="1"/>
<U id="97" f="10" l="334" c="34" d="320" a="0"/>
<U id="98" f="10" l="380" c="43" d="44" a="0"/>
<U id="99" f="10" l="512" c="72" d="135" a="0"/>
<U id="100" f="10" l="519" c="40" d="193" a="0"/>
<U id="101" f="10" l="342" c="35" d="249" a="0"/>
<U id="102" f="10" l="460" c="53" d="158" a="0"/>
<U id="103" f="10" l="522" c="17" d="320" a="0"/>
<U id="104" f="10" l="333" c="35" d="320" a="0"/>
<U id="105" f="10" l="336" c="33" d="320" a="0"/>
<U id="106" f="10" l="467" c="12" d="59" a="0"/>
<U id="107" f="14" l="26" c="134" d="266" a="0"/>
<U id="108" f="10" l="330" c="28" d="320" a="0"/>
<U id="109" f="10" l="382" c="33" d="135" a="0"/>
<U id="110" f="10" l="362" c="16" d="164" a="1"/>
<U id="111" f="10" l="510" c="83" d="68" a="0"/>
<U id="112" f="10" l="359" c="12" d="7" a="0"/>
<U id="113" f="10" l="328" c="51" d="272" a="0"/>
<U id="114" f="10" l="396" c="12" d="110" a="0"/>
<U id="115" f="10" l="460" c="81" d="117" a="1"/>
<U id="116" f="10" l="523" c="17" d="320" a="0"/>
<U id="117" f="14" l="27" c="134" d="247" a="0"/>
<U id="118" f="10" l="387" c="12" d="80" a="0"/>
<U id="119" f="10" l="407" c="16" d="24" a="1"/>
<U id="120" f="10" l="507" c="52" d="75" a="0"/>
<U id="121" f="14" l="22" c="146" d="266" a="0"/>
<U id="122" f="10" l="327" c="52" d="257" a="0"/>
<U id="123" f="10" l="472" c="43" d="59" a="0"/>
<U id="124" f="10" l="514" c="81" d="14" a="0"/>
<U id="125" f="10" l="359" c="40" d="188" a="0"/>
<U id="126" f="10" l="389" c="11" d="14" a="1"/>
<U id="127" f="10" l="492" c="42" d="188" a="0"/>
<U id="128" f="10" l="496" c="12" d="211" a="0"/>
<U id="129" f="13" l="103" c="38" d="347" a="0"/>
<U id="130" f="10" l="481" c="16" d="79" a="1"/>
<U id="131" f="14" l="28" c="134" d="247" a="0"/>
<U id="132" f="10" l="417" c="16" d="31" a="1"/>
<U id="133" f="10" l="509" c="33" d="10" a="0"/>
<U id="134" f="10" l="524" c="17" d="320" a="0"/>
<U id="135" f="14" l="23" c="146" d="266" a="0"/>
<U id="136" f="10" l="407" c="44" d="56" a="0"/>
<U id="137" f="10" l="434" c="17" d="7" a="0"/>
<U id="138" f="10" l="207" c="45" d="104" a="0"/>
<U id="139" f="10" l="372" c="35" d="158" a="0"/>
<U id="140" f="10" l="355" c="16" d="33" a="1"/>
<U id="141" f="10" l="433" c="18" d="80" a="0"/>
<U id="142" f="10" l="436" c="16" d="54" a="1"/>
<U id="143" f="10" l="509" c="79" d="10" a="0"/>
<U id="144" f="14" l="29" c="134" d="266" a="0"/>
<U id="145" f="10" l="342" c="46" d="58" a="0"/>
<U id="146" f="10" l="361" c="82" d="106" a="0"/>
<U id="147" f="14" l="24" c="146" d="266" a="0"/>
<U id="148" f="10" l="452" c="36" d="188" a="0"/>
<U id="149" f="10" l="479" c="12" d="20" a="0"/>
<U id="150" f="10" l="434" c="45" d="188" a="0"/>
<U id="151" f="10" l="335" c="54" d="223" a="0"/>
<U id="152" f="10" l="405" c="37" d="188" a="0"/>
<U id="153" f="10" l="455" c="16" d="59" a="1"/>
<U id="154" f="10" l="329" c="52" d="294" a="0"/>
<U id="155" f="10" l="337" c="62" d="284" a="0"/>
<U id="156" f="10" l="492" c="16" d="78" a="1"/>
<U id="157" f="14" l="25" c="146" d="266" a="0"/>
<U id="158" f="10" l="393" c="16" d="14" a="1"/>
<U id="159" f="10" l="499" c="39" d="71" a="0"/>
<U id="160" f="10" l="517" c="17" d="320" a="0"/>
<U id="161" f="10" l="523" c="83" d="14" a="0"/>
<U id="162" f="10" l="366" c="16" d="38" a="1"/>
<U id="163" f="10" l="417" c="45" d="56" a="0"/>
<U id="164" f="10" l="478" c="41" d="20" a="0"/>
<U id="165" f="10" l="523" c="74" d="140" a="0"/>
<U id="166" f="10" l="340" c="85" d="17" a="0"/>
<U id="167" f="10" l="382" c="45" d="44" a="0"/>
<U id="168" f="10" l="384" c="71" d="44" a="0"/>
<U id="169" f="10" l="498" c="40" d="135" a="0"/>
<U id="170" f="10" l="332" c="57" d="308" a="0"/>
<U id="171" f="10" l="372" c="64" d="97" a="1"/>
<U id="172" f="10" l="474" c="35" d="54" a="0"/>
<U id="173" f="10" l="518" c="17" d="320" a="0"/>
<U id="174" f="10" l="415" c="38" d="188" a="0"/>
<U id="175" f="10" l="377" c="43" d="4" a="0"/>
<U id="176" f="10" l="474" c="81" d="59" a="0"/>
<U id="177" f="10" l="520" c="86" d="78" a="0"/>
<U id="178" f="10" l="475" c="44" d="62" a="0"/>
<U id="179" f="10" l="481" c="37" d="135" a="0"/>
<U id="180" f="10" l="484" c="35" d="79" a="0"/>
<U id="181" f="10" l="511" c="86" d="135" a="0"/>
<U id="182" f="10" l="517" c="82" d="10" a="0"/>
<U id="183" f="10" l="520" c="77" d="156" a="0"/>
<U id="184" f="10" l="361" c="66" d="135" a="0"/>
<U id="185" f="10" l="517" c="73" d="140" a="0"/>
<U id="186" f="10" l="519" c="17" d="320" a="0"/>
<U id="187" f="10" l="340" c="68" d="104" a="0"/>
<U id="188" f="10" l="361" c="48" d="135" a="0"/>
<U id="189" f="10" l="379" c="33" d="44" a="0"/>
<U id="190" f="10" l="336" c="92" d="140" a="0"/>
<U id="191" f="10" l="484" c="81" d="119" a="0"/>
<U id="192" f="10" l="496" c="70" d="211" a="0"/>
<U id="193" f="10" l="330" c="87" d="173" a="0"/>
<U id="194" f="10" l="334" c="57" d="203" a="0"/>
<U id="195" f="10" l="384" c="36" d="164" a="0"/>
<U id="196" f="10" l="488" c="42" d="188" a="0"/>
<U id="197" f="10" l="455" c="55" d="42" a="0"/>
<U id="198" f="10" l="479" c="33" d="116" a="0"/>
<U id="199" f="10" l="333" c="58" d="238" a="0"/>
<U id="200" f="10" l="336" c="56" d="233" a="0"/>
<U id="201" f="10" l="389" c="33" d="23" a="0"/>
<U id="202" f="10" l="328" c="28" d="320" a="0"/>
<U id="203" f="10" l="334" c="94" d="140" a="0"/>
<U id="204" f="10" l="207" c="76" d="168" a="1"/>
<U id="205" f="10" l="366" c="82" d="106" a="0"/>
<U id="206" f="10" l="513" c="86" d="135" a="0"/>
<U id="207" f="10" l="387" c="44" d="185" a="0"/>
<U id="208" f="10" l="469" c="16" d="59" a="1"/>
<U id="209" f="10" l="486" c="17" d="79" a="0"/>
<U id="210" f="10" l="327" c="84" d="140" a="0"/>
<U id="211" f="10" l="488" c="16" d="78" a="1"/>
<U id="212" f="10" l="398" c="16" d="21" a="1"/>
<U id="213" f="10" l="474" c="65" d="135" a="0"/>
<U id="214" f="10" l="333" c="96" d="156" a="0"/>
<U id="215" f="10" l="498" c="16" d="68" a="1"/>
<U id="216" f="10" l="518" c="93" d="68" a="0"/>
<U id="217" f="10" l="521" c="88" d="21" a="0"/>
<U id="218" f="10" l="369" c="45" d="38" a="0"/>
<U id="219" f="10" l="398" c="44" d="56" a="0"/>
<U id="220" f="10" l="512" c="88" d="135" a="0"/>
<U id="221" f="10" l="518" c="84" d="140" a="0"/>
<U id="222" f="10" l="329" c="84" d="140" a="0"/>
<U id="223" f="10" l="499" c="16" d="75" a="1"/>
<U id="224" f="10" l="519" c="93" d="75" a="0"/>
<U id="225" f="10" l="519" c="84" d="140" a="0"/>
<U id="226" f="10" l="366" c="66" d="135" a="0"/>
<U id="227" f="10" l="366" c="48" d="135" a="0"/>
<U id="228" f="10" l="486" c="38" d="119" a="0"/>
<U id="229" f="10" l="396" c="38" d="188" a="0"/>
<U id="230" f="10" l="426" c="78" d="72" a="1"/>
<U id="231" f="10" l="524" c="88" d="24" a="0"/>
<U id="232" f="10" l="484" c="58" d="119" a="0"/>
<U id="233" f="10" l="496" c="47" d="116" a="0"/>
<U id="234" f="10" l="335" c="88" d="140" a="0"/>
<U id="235" f="10" l="328" c="87" d="182" a="0"/>
<U id="236" f="10" l="426" c="97" d="137" a="0"/>
<U id="237" f="10" l="479" c="56" d="20" a="0"/>
<U id="238" f="10" l="389" c="57" d="6" a="0"/>
<U id="239" f="10" l="379" c="58" d="38" a="0"/>
<U id="240" f="10" l="479" c="77" d="116" a="0"/>
<U id="241" f="10" l="340" c="209" d="168" a="1"/>
<U id="242" f="10" l="340" c="110" d="168" a="1"/>
<U id="243" f="10" l="361" c="109" d="275" a="0"/>
<U id="244" f="10" l="510" c="130" d="68" a="0"/>
<U id="245" f="10" l="207" c="110" d="108" a="0"/>
<U id="246" f="10" l="511" c="103" d="21" a="0"/>
<U id="247" f="10" l="350" c="103" d="135" a="0"/>
<U id="248" f="10" l="332" c="103" d="140" a="0"/>
<U id="249" f="10" l="513" c="103" d="24" a="0"/>
<U id="250" f="10" l="511" c="150" d="135" a="0"/>
<U id="251" f="10" l="207" c="130" d="83" a="0"/>
<U id="252" f="10" l="366" c="109" d="275" a="0"/>
<U id="253" f="10" l="340" c="160" d="168" a="1"/>
<U id="254" f="10" l="512" c="105" d="31" a="0"/>
<U id="255" f="10" l="513" c="150" d="135" a="0"/>
<U id="256" f="10" l="361" c="240" d="135" a="0"/>
<U id="257" f="10" l="440" c="133" d="72" a="0"/>
<U id="258" f="10" l="462" c="140" d="117" a="1"/>
<U id="259" f="10" l="361" c="439" d="135" a="0"/>
<U id="260" f="10" l="511" c="134" d="135" a="0"/>
<U id="261" f="13" l="100" c="118" d="88" a="0"/>
<U id="262" f="10" l="361" c="169" d="106" a="0"/>
<U id="263" f="10" l="340" c="243" d="104" a="0"/>
<U id="264" f="10" l="340" c="144" d="104" a="0"/>
<U id="265" f="10" l="337" c="104" d="157" a="0"/>
<U id="266" f="10" l="361" c="350" d="135" a="0"/>
<U id="267" f="10" l="474" c="149" d="135" a="0"/>
<U id="268" f="10" l="513" c="134" d="135" a="0"/>
<U id="269" f="10" l="512" c="153" d="135" a="0"/>
<U id="270" f="10" l="484" c="131" d="119" a="0"/>
<U id="271" f="10" l="366" c="240" d="135" a="0"/>
<U id="272" f="10" l="361" c="153" d="135" a="0"/>
<U id="273" f="10" l="361" c="306" d="275" a="0"/>
<U id="274" f="10" l="511" c="164" d="21" a="0"/>
<U id="275" f="10" l="474" c="430" d="54" a="0"/>
<U id="276" f="10" l="366" c="439" d="135" a="0"/>
<U id="277" f="10" l="474" c="232" d="54" a="0"/>
<U id="278" f="10" l="366" c="169" d="106" a="0"/>
<U id="279" f="10" l="509" c="124" d="10" a="0"/>
<U id="280" f="10" l="512" c="137" d="135" a="0"/>
<U id="281" f="10" l="474" c="106" d="256" a="0"/>
<U id="282" f="10" l="513" c="164" d="24" a="0"/>
<U id="283" f="10" l="514" c="127" d="14" a="0"/>
<U id="284" f="10" l="366" c="350" d="135" a="0"/>
<U id="285" f="10" l="484" c="106" d="79" a="0"/>
<U id="286" f="10" l="474" c="305" d="256" a="0"/>
<U id="287" f="10" l="346" c="144" d="102" a="1"/>
<U id="288" f="10" l="474" c="279" d="59" a="0"/>
<U id="289" f="10" l="374" c="144" d="97" a="1"/>
<U id="290" f="10" l="496" c="105" d="116" a="0"/>
<U id="291" f="10" l="345" c="136" d="107" a="1"/>
<U id="292" f="10" l="346" c="181" d="102" a="1"/>
<U id="293" f="10" l="461" c="128" d="121" a="1"/>
<U id="294" f="10" l="207" c="192" d="135" a="0"/>
<U id="295" f="10" l="373" c="136" d="99" a="1"/>
<U id="296" f="10" l="484" c="180" d="79" a="0"/>
<U id="297" f="10" l="340" c="194" d="108" a="0"/>
<U id="298" f="10" l="366" c="153" d="135" a="0"/>
<U id="299" f="10" l="366" c="306" d="275" a="0"/>
<U id="300" f="10" l="474" c="190" d="256" a="0"/>
<U id="301" f="10" l="474" c="262" d="135" a="0"/>
<U id="302" f="10" l="361" c="274" d="33" a="0"/>
<U id="303" f="10" l="347" c="136" d="40" a="0"/>
<U id="304" f="10" l="512" c="167" d="31" a="0"/>
<U id="305" f="10" l="375" c="136" d="8" a="0"/>
<U id="306" f="10" l="207" c="158" d="101" a="0"/>
<U id="307" f="10" l="361" c="366" d="33" a="0"/>
<U id="308" f="10" l="474" c="165" d="59" a="0"/>
<U id="309" f="10" l="361" c="258" d="135" a="0"/>
<U id="310" f="10" l="474" c="391" d="256" a="0"/>
<U id="311" f="10" l="374" c="175" d="97" a="1"/>
<U id="312" f="10" l="361" c="196" d="275" a="0"/>
<U id="313" f="10" l="366" c="274" d="33" a="0"/>
<U id="314" f="10" l="462" c="168" d="117" a="1"/>
<U id="315" f="10" l="474" c="365" d="59" a="0"/>
<U id="316" f="10" l="484" c="157" d="119" a="0"/>
<U id="317" f="10" l="462" c="196" d="309" a="0"/>
<U id="318" f="10" l="463" c="178" d="42" a="0"/>
<U id="319" f="10" l="474" c="348" d="135" a="0"/>
<U id="320" f="10" l="366" c="366" d="33" a="0"/>
<U id="321" f="10" l="366" c="258" d="135" a="0"/>
<U id="322" f="10" l="366" c="196" d="275" a="0"/>
<U id="323" f="10" l="361" c="398" d="275" a="0"/>
<U id="324" f="10" l="366" c="398" d="275" a="0"/>
<U id="325" f="5" l="74" c="0" d="227" a="0"/>
<U id="326" f="5" l="75" c="0" d="166" a="0"/>
<U id="327" f="7" l="41" c="4" d="222" a="0"/>
<U id="328" f="7" l="42" c="4" d="222" a="0"/>
<U id="329" f="1" l="50" c="8" d="122" a="0"/>
<U id="330" f="7" l="46" c="4" d="86" a="0"/>
<U id="331" f="7" l="47" c="4" d="222" a="0"/>
<U id="332" f="6" l="52" c="7" d="125" a="0"/>
<U id="333" f="7" l="32" c="8" d="222" a="0"/>
<U id="334" f="4" l="43" c="8" d="229" a="0"/>
<U id="335" f="7" l="33" c="8" d="222" a="0"/>
<U id="336" f="7" l="24" c="8" d="222" a="0"/>
<U id="337" f="7" l="34" c="8" d="222" a="0"/>
<U id="338" f="4" l="35" c="8" d="188" a="0"/>
<U id="339" f="7" l="25" c="8" d="222" a="0"/>
<U id="340" f="1" l="84" c="7" d="145" a="0"/>
<U id="341" f="7" l="26" c="8" d="222" a="0"/>
<U id="342" f="7" l="27" c="8" d="222" a="0"/>
<U id="343" f="4" l="38" c="8" d="222" a="0"/>
<U id="344" f="7" l="28" c="8" d="222" a="0"/>
<U id="345" f="1" l="49" c="8" d="122" a="0"/>
<U id="346" f="4" l="88" c="8" d="229" a="0"/>
<U id="347" f="15" l="11379" c="9" d="95" a="0"/>
<U id="348" f="3" l="111" c="3" d="266" a="0"/>
<U id="349" f="4" l="510" c="2" d="116" a="0"/>
<U id="350" f="3" l="112" c="3" d="266" a="0"/>
<U id="351" f="4" l="520" c="2" d="197" a="0"/>
<U id="352" f="5" l="41" c="21" d="136" a="0"/>
<U id="353" f="3" l="113" c="3" d="229" a="0"/>
<U id="354" f="4" l="540" c="2" d="100" a="0"/>
<U id="355" f="9" l="40" c="13" d="266" a="0"/>
<U id="356" f="3" l="114" c="3" d="229" a="0"/>
<U id="357" f="9" l="31" c="13" d="222" a="0"/>
<U id="358" f="4" l="550" c="2" d="124" a="0"/>
<U id="359" f="4" l="541" c="2" d="114" a="0"/>
<U id="360" f="9" l="41" c="13" d="266" a="0"/>
<U id="361" f="13" l="82" c="1" d="222" a="0"/>
<U id="362" f="9" l="32" c="13" d="222" a="0"/>
<U id="363" f="3" l="115" c="3" d="229" a="0"/>
<U id="364" f="4" l="505" c="2" d="135" a="0"/>
<U id="365" f="4" l="551" c="2" d="114" a="0"/>
<U id="366" f="9" l="42" c="13" d="266" a="0"/>
<U id="367" f="4" l="542" c="2" d="118" a="0"/>
<U id="368" f="9" l="33" c="13" d="188" a="0"/>
<U id="369" f="1" l="84" c="39" d="145" a="0"/>
<U id="370" f="3" l="116" c="3" d="229" a="0"/>
<U id="371" f="4" l="515" c="2" d="185" a="0"/>
<U id="372" f="9" l="43" c="13" d="266" a="0"/>
<U id="373" f="12" l="38" c="1" d="222" a="0"/>
<U id="374" f="4" l="552" c="2" d="114" a="0"/>
<U id="375" f="9" l="34" c="13" d="188" a="0"/>
<U id="376" f="4" l="543" c="2" d="114" a="0"/>
<U id="377" f="4" l="525" c="2" d="127" a="0"/>
<U id="378" f="9" l="35" c="13" d="188" a="0"/>
<U id="379" f="4" l="553" c="2" d="114" a="0"/>
<U id="380" f="4" l="544" c="2" d="114" a="0"/>
<U id="381" f="9" l="36" c="13" d="188" a="0"/>
<U id="382" f="7" l="35" c="14" d="88" a="0"/>
<U id="383" f="13" l="63" c="4" d="340" a="0"/>
<U id="384" f="14" l="31" c="7" d="266" a="0"/>
<U id="385" f="4" l="545" c="2" d="114" a="0"/>
<U id="386" f="8" l="210" c="8" d="266" a="0"/>
<U id="387" f="14" l="22" c="7" d="247" a="0"/>
<U id="388" f="4" l="536" c="2" d="114" a="0"/>
<U id="389" f="9" l="37" c="13" d="222" a="0"/>
<U id="390" f="14" l="41" c="7" d="266" a="0"/>
<U id="391" f="4" l="546" c="2" d="105" a="0"/>
<U id="392" f="9" l="38" c="13" d="266" a="0"/>
<U id="393" f="14" l="23" c="7" d="266" a="0"/>
<U id="394" f="4" l="537" c="2" d="114" a="0"/>
<U id="395" f="10" l="80" c="7" d="222" a="0"/>
<U id="396" f="4" l="402" c="8" d="247" a="0"/>
<U id="397" f="9" l="39" c="13" d="266" a="0"/>
<U id="398" f="14" l="33" c="7" d="266" a="0"/>
<U id="399" f="4" l="547" c="2" d="114" a="0"/>
<U id="400" f="14" l="24" c="7" d="247" a="0"/>
<U id="401" f="4" l="538" c="2" d="114" a="0"/>
<U id="402" f="4" l="412" c="8" d="212" a="0"/>
<U id="403" f="8" l="150" c="8" d="266" a="0"/>
<U id="404" f="14" l="43" c="7" d="247" a="0"/>
<U id="405" f="13" l="66" c="4" d="340" a="0"/>
<U id="406" f="8" l="222" c="8" d="266" a="0"/>
<U id="407" f="13" l="98" c="1" d="222" a="0"/>
<U id="408" f="4" l="548" c="2" d="114" a="0"/>
<U id="409" f="8" l="132" c="8" d="266" a="0"/>
<U id="410" f="8" l="421" c="8" d="247" a="0"/>
<U id="411" f="14" l="25" c="7" d="266" a="0"/>
<U id="412" f="4" l="422" c="8" d="266" a="0"/>
<U id="413" f="4" l="539" c="2" d="124" a="0"/>
<U id="414" f="8" l="204" c="8" d="266" a="0"/>
<U id="415" f="8" l="331" c="8" d="247" a="0"/>
<U id="416" f="5" l="75" c="70" d="135" a="0"/>
<U id="417" f="13" l="61" c="8" d="340" a="0"/>
<U id="418" f="13" l="85" c="4" d="292" a="0"/>
<U id="419" f="8" l="403" c="8" d="247" a="0"/>
<U id="420" f="8" l="313" c="8" d="247" a="0"/>
<U id="421" f="14" l="35" c="7" d="247" a="0"/>
<U id="422" f="4" l="432" c="8" d="229" a="0"/>
<U id="423" f="4" l="549" c="2" d="114" a="0"/>
<U id="424" f="14" l="26" c="7" d="266" a="0"/>
<U id="425" f="8" l="251" c="8" d="298" a="0"/>
<U id="426" f="8" l="621" c="8" d="266" a="0"/>
<U id="427" f="8" l="910" c="8" d="298" a="0"/>
<U id="428" f="8" l="820" c="8" d="298" a="0"/>
<U id="429" f="3" l="107" c="8" d="229" a="0"/>
<U id="430" f="8" l="603" c="8" d="266" a="0"/>
<U id="431" f="14" l="45" c="7" d="247" a="0"/>
<U id="432" f="8" l="721" c="8" d="247" a="0"/>
<U id="433" f="8" l="802" c="8" d="298" a="0"/>
<U id="434" f="8" l="180" c="8" d="266" a="0"/>
<U id="435" f="14" l="27" c="7" d="247" a="0"/>
<U id="436" f="8" l="703" c="8" d="247" a="0"/>
<U id="437" f="8" l="162" c="8" d="266" a="0"/>
<U id="438" f="8" l="361" c="8" d="247" a="0"/>
<U id="439" f="8" l="144" c="8" d="266" a="0"/>
<U id="440" f="8" l="433" c="8" d="247" a="0"/>
<U id="441" f="14" l="37" c="7" d="247" a="0"/>
<U id="442" f="8" l="216" c="8" d="266" a="0"/>
<U id="443" f="8" l="343" c="8" d="247" a="0"/>
<U id="444" f="14" l="28" c="7" d="247" a="0"/>
<U id="445" f="8" l="415" c="8" d="247" a="0"/>
<U id="446" f="8" l="325" c="8" d="247" a="0"/>
<U id="447" f="4" l="407" c="8" d="282" a="0"/>
<U id="448" f="8" l="651" c="8" d="266" a="0"/>
<U id="449" f="8" l="940" c="8" d="298" a="0"/>
<U id="450" f="4" l="317" c="8" d="229" a="0"/>
<U id="451" f="8" l="480" c="8" d="282" a="0"/>
<U id="452" f="8" l="850" c="8" d="298" a="0"/>
<U id="453" f="8" l="633" c="8" d="266" a="0"/>
<U id="454" f="8" l="922" c="8" d="298" a="0"/>
<U id="455" f="14" l="29" c="7" d="266" a="0"/>
<U id="456" f="8" l="462" c="8" d="282" a="0"/>
<U id="457" f="8" l="751" c="8" d="247" a="0"/>
<U id="458" f="8" l="832" c="8" d="298" a="0"/>
<U id="459" f="4" l="417" c="8" d="212" a="0"/>
<U id="460" f="8" l="245" c="8" d="298" a="0"/>
<U id="461" f="8" l="615" c="8" d="266" a="0"/>
<U id="462" f="8" l="904" c="8" d="298" a="0"/>
<U id="463" f="8" l="733" c="8" d="247" a="0"/>
<U id="464" f="8" l="814" c="8" d="298" a="0"/>
<U id="465" f="8" l="192" c="8" d="266" a="0"/>
<U id="466" f="14" l="39" c="7" d="266" a="0"/>
<U id="467" f="8" l="391" c="8" d="247" a="0"/>
<U id="468" f="8" l="715" c="8" d="247" a="0"/>
<U id="469" f="4" l="346" c="8" d="229" a="0"/>
<U id="470" f="4" l="427" c="8" d="298" a="0"/>
<U id="471" f="8" l="174" c="8" d="266" a="0"/>
<U id="472" f="10" l="87" c="7" d="86" a="0"/>
<U id="473" f="8" l="373" c="8" d="247" a="0"/>
<U id="474" f="10" l="78" c="7" d="222" a="0"/>
<U id="475" f="8" l="156" c="8" d="266" a="0"/>
<U id="476" f="8" l="445" c="8" d="247" a="0"/>
<U id="477" f="8" l="228" c="8" d="266" a="0"/>
<U id="478" f="8" l="355" c="8" d="247" a="0"/>
<U id="479" f="4" l="437" c="8" d="229" a="0"/>
<U id="480" f="8" l="138" c="8" d="266" a="0"/>
<U id="481" f="8" l="427" c="8" d="247" a="0"/>
<U id="482" f="8" l="681" c="8" d="266" a="0"/>
<U id="483" f="8" l="970" c="8" d="298" a="0"/>
<U id="484" f="8" l="337" c="8" d="247" a="0"/>
<U id="485" f="8" l="591" c="8" d="266" a="0"/>
<U id="486" f="8" l="880" c="8" d="298" a="0"/>
<U id="487" f="10" l="88" c="7" d="116" a="0"/>
<U id="488" f="8" l="409" c="8" d="247" a="0"/>
<U id="489" f="8" l="663" c="8" d="266" a="0"/>
<U id="490" f="8" l="952" c="8" d="298" a="0"/>
<U id="491" f="10" l="79" c="7" d="222" a="0"/>
<U id="492" f="8" l="319" c="8" d="247" a="0"/>
<U id="493" f="8" l="492" c="8" d="282" a="0"/>
<U id="494" f="8" l="781" c="8" d="247" a="0"/>
<U id="495" f="8" l="862" c="8" d="298" a="0"/>
<U id="496" f="4" l="447" c="8" d="229" a="0"/>
<U id="497" f="8" l="645" c="8" d="266" a="0"/>
<U id="498" f="8" l="934" c="8" d="298" a="0"/>
<U id="499" f="8" l="474" c="8" d="282" a="0"/>
<U id="500" f="8" l="763" c="8" d="247" a="0"/>
<U id="501" f="8" l="844" c="8" d="298" a="0"/>
<U id="502" f="8" l="257" c="8" d="298" a="0"/>
<U id="503" f="8" l="627" c="8" d="266" a="0"/>
<U id="504" f="8" l="916" c="8" d="298" a="0"/>
<U id="505" f="8" l="456" c="8" d="282" a="0"/>
<U id="506" f="8" l="745" c="8" d="247" a="0"/>
<U id="507" f="8" l="826" c="8" d="298" a="0"/>
<U id="508" f="8" l="239" c="8" d="298" a="0"/>
<U id="509" f="8" l="609" c="8" d="266" a="0"/>
<U id="510" f="8" l="727" c="8" d="247" a="0"/>
<U id="511" f="8" l="808" c="8" d="298" a="0"/>
<U id="512" f="8" l="186" c="8" d="266" a="0"/>
<U id="513" f="8" l="385" c="8" d="247" a="0"/>
<U id="514" f="8" l="709" c="8" d="247" a="0"/>
<U id="515" f="8" l="168" c="8" d="266" a="0"/>
<U id="516" f="8" l="367" c="8" d="247" a="0"/>
<U id="517" f="8" l="439" c="8" d="247" a="0"/>
<U id="518" f="8" l="982" c="8" d="298" a="0"/>
<U id="519" f="8" l="349" c="8" d="247" a="0"/>
<U id="520" f="8" l="892" c="8" d="298" a="0"/>
<U id="521" f="8" l="675" c="8" d="266" a="0"/>
<U id="522" f="8" l="964" c="8" d="298" a="0"/>
<U id="523" f="8" l="874" c="8" d="298" a="0"/>
<U id="524" f="8" l="657" c="8" d="266" a="0"/>
<U id="525" f="8" l="946" c="8" d="298" a="0"/>
<U id="526" f="8" l="486" c="8" d="282" a="0"/>
<U id="527" f="8" l="775" c="8" d="247" a="0"/>
<U id="528" f="8" l="856" c="8" d="298" a="0"/>
<U id="529" f="8" l="639" c="8" d="266" a="0"/>
<U id="530" f="8" l="928" c="8" d="298" a="0"/>
<U id="531" f="4" l="397" c="8" d="236" a="0"/>
<U id="532" f="8" l="468" c="8" d="282" a="0"/>
<U id="533" f="8" l="757" c="8" d="247" a="0"/>
<U id="534" f="8" l="838" c="8" d="298" a="0"/>
<U id="535" f="8" l="739" c="8" d="247" a="0"/>
<U id="536" f="8" l="198" c="8" d="266" a="0"/>
<U id="537" f="8" l="397" c="8" d="247" a="0"/>
<U id="538" f="8" l="379" c="8" d="247" a="0"/>
<U id="539" f="8" l="687" c="8" d="266" a="0"/>
<U id="540" f="8" l="976" c="8" d="298" a="0"/>
<U id="541" f="8" l="597" c="8" d="266" a="0"/>
<U id="542" f="8" l="886" c="8" d="298" a="0"/>
<U id="543" f="8" l="669" c="8" d="266" a="0"/>
<U id="544" f="8" l="796" c="8" d="298" a="0"/>
<U id="545" f="8" l="958" c="8" d="298" a="0"/>
<U id="546" f="5" l="75" c="97" d="137" a="0"/>
<U id="547" f="8" l="787" c="8" d="247" a="0"/>
<U id="548" f="8" l="868" c="8" d="298" a="0"/>
<U id="549" f="8" l="697" c="8" d="247" a="0"/>
<U id="550" f="8" l="769" c="8" d="247" a="0"/>
<U id="551" f="8" l="988" c="8" d="298" a="0"/>
<U id="552" f="8" l="898" c="8" d="298" a="0"/>
<U id="553" f="8" l="999" c="8" d="282" a="0"/>
<U id="554" f="14" l="31" c="49" d="266" a="0"/>
<U id="555" f="4" l="560" c="20" d="136" a="0"/>
<U id="556" f="12" l="42" c="13" d="291" a="0"/>
<U id="557" f="12" l="38" c="19" d="222" a="0"/>
<U id="558" f="14" l="33" c="49" d="247" a="0"/>
<U id="559" f="13" l="61" c="40" d="70" a="0"/>
<U id="560" f="13" l="64" c="29" d="340" a="0"/>
<U id="561" f="13" l="104" c="4" d="143" a="0"/>
<U id="562" f="13" l="63" c="21" d="131" a="0"/>
<U id="563" f="13" l="33" c="50" d="88" a="0"/>
<U id="564" f="13" l="31" c="24" d="222" a="0"/>
<U id="565" f="14" l="35" c="49" d="247" a="0"/>
<U id="566" f="14" l="41" c="42" d="247" a="0"/>
<U id="567" f="12" l="40" c="89" d="222" a="0"/>
<U id="568" f="10" l="310" c="8" d="222" a="0"/>
<U id="569" f="10" l="301" c="8" d="188" a="0"/>
<U id="570" f="14" l="37" c="49" d="266" a="0"/>
<U id="571" f="13" l="66" c="21" d="134" a="0"/>
<U id="572" f="14" l="43" c="42" d="247" a="0"/>
<U id="573" f="8" l="1101" c="8" d="282" a="0"/>
<U id="574" f="10" l="320" c="8" d="266" a="0"/>
<U id="575" f="8" l="1011" c="8" d="282" a="0"/>
<U id="576" f="13" l="85" c="21" d="139" a="0"/>
<U id="577" f="10" l="311" c="8" d="222" a="0"/>
<U id="578" f="14" l="22" c="44" d="266" a="0"/>
<U id="579" f="13" l="67" c="30" d="340" a="0"/>
<U id="580" f="13" l="87" c="29" d="139" a="0"/>
<U id="581" f="10" l="302" c="8" d="222" a="0"/>
<U id="582" f="10" l="510" c="8" d="68" a="1"/>
<U id="583" f="13" l="32" c="44" d="87" a="0"/>
<U id="584" f="14" l="22" c="90" d="266" a="0"/>
<U id="585" f="13" l="61" c="25" d="123" a="0"/>
<U id="586" f="10" l="330" c="8" d="20" a="1"/>
<U id="587" f="13" l="103" c="8" d="153" a="0"/>
<U id="588" f="10" l="321" c="8" d="266" a="0"/>
<U id="589" f="13" l="57" c="22" d="222" a="0"/>
<U id="590" f="14" l="23" c="44" d="266" a="0"/>
<U id="591" f="10" l="312" c="8" d="222" a="0"/>
<U id="592" f="13" l="64" c="60" d="340" a="0"/>
<U id="593" f="10" l="303" c="8" d="222" a="0"/>
<U id="594" f="14" l="45" c="42" d="266" a="0"/>
<U id="595" f="10" l="511" c="8" d="21" a="1"/>
<U id="596" f="14" l="23" c="90" d="266" a="0"/>
<U id="597" f="10" l="340" c="8" d="25" a="1"/>
<U id="598" f="14" l="24" c="44" d="266" a="0"/>
<U id="599" f="13" l="87" c="12" d="292" a="0"/>
<U id="600" f="10" l="313" c="8" d="222" a="0"/>
<U id="601" f="10" l="304" c="8" d="222" a="0"/>
<U id="602" f="8" l="1131" c="8" d="282" a="0"/>
<U id="603" f="14" l="24" c="90" d="266" a="0"/>
<U id="604" f="14" l="31" c="64" d="266" a="0"/>
<U id="605" f="12" l="42" c="36" d="323" a="0"/>
<U id="606" f="10" l="350" c="8" d="33" a="1"/>
<U id="607" f="10" l="512" c="8" d="31" a="1"/>
<U id="608" f="8" l="1041" c="8" d="282" a="0"/>
<U id="609" f="8" l="1113" c="8" d="282" a="0"/>
<U id="610" f="14" l="22" c="55" d="266" a="0"/>
<U id="611" f="14" l="25" c="44" d="266" a="0"/>
<U id="612" f="10" l="332" c="8" d="42" a="1"/>
<U id="613" f="8" l="1023" c="8" d="282" a="0"/>
<U id="614" f="13" l="82" c="25" d="222" a="0"/>
<U id="615" f="12" l="42" c="73" d="323" a="0"/>
<U id="616" f="10" l="314" c="8" d="222" a="0"/>
<U id="617" f="8" l="1005" c="8" d="282" a="0"/>
<U id="618" f="14" l="25" c="90" d="266" a="0"/>
<U id="619" f="13" l="63" c="53" d="134" a="0"/>
<U id="620" f="10" l="305" c="8" d="222" a="0"/>
<U id="621" f="10" l="513" c="8" d="24" a="1"/>
<U id="622" f="14" l="23" c="55" d="266" a="0"/>
<U id="623" f="10" l="342" c="8" d="40" a="1"/>
<U id="624" f="14" l="40" c="56" d="266" a="0"/>
<U id="625" f="10" l="333" c="8" d="7" a="1"/>
<U id="626" f="10" l="75" c="16" d="222" a="0"/>
<U id="627" f="10" l="324" c="8" d="96" a="0"/>
<U id="628" f="14" l="33" c="64" d="266" a="0"/>
<U id="629" f="14" l="39" c="42" d="266" a="0"/>
<U id="630" f="10" l="315" c="8" d="222" a="0"/>
<U id="631" f="10" l="306" c="8" d="222" a="0"/>
<U id="632" f="14" l="24" c="55" d="247" a="0"/>
<U id="633" f="10" l="514" c="8" d="14" a="1"/>
<U id="634" f="14" l="41" c="56" d="266" a="0"/>
<U id="635" f="10" l="76" c="16" d="222" a="0"/>
<U id="636" f="14" l="32" c="56" d="266" a="0"/>
<U id="637" f="10" l="334" c="8" d="11" a="1"/>
<U id="638" f="8" l="1161" c="8" d="282" a="0"/>
<U id="639" f="13" l="63" c="36" d="340" a="0"/>
<U id="640" f="13" l="85" c="52" d="131" a="0"/>
<U id="641" f="10" l="380" c="8" d="232" a="1"/>
<U id="642" f="8" l="1071" c="8" d="282" a="0"/>
<U id="643" f="14" l="22" c="75" d="266" a="0"/>
<U id="644" f="13" l="67" c="61" d="340" a="0"/>
<U id="645" f="10" l="290" c="8" d="116" a="0"/>
<U id="646" f="10" l="371" c="8" d="8" a="1"/>
<U id="647" f="8" l="1143" c="8" d="282" a="0"/>
<U id="648" f="12" l="39" c="89" d="222" a="0"/>
<U id="649" f="14" l="25" c="55" d="247" a="0"/>
<U id="650" f="14" l="40" c="48" d="266" a="0"/>
<U id="651" f="13" l="66" c="80" d="172" a="0"/>
<U id="652" f="10" l="307" c="8" d="222" a="0"/>
<U id="653" f="10" l="443" c="8" d="202" a="1"/>
<U id="654" f="8" l="1053" c="8" d="282" a="0"/>
<U id="655" f="14" l="42" c="56" d="247" a="0"/>
<U id="656" f="8" l="1125" c="8" d="282" a="0"/>
<U id="657" f="10" l="77" c="16" d="222" a="0"/>
<U id="658" f="10" l="344" c="8" d="49" a="1"/>
<U id="659" f="8" l="1035" c="8" d="282" a="0"/>
<U id="660" f="14" l="35" c="64" d="247" a="0"/>
<U id="661" f="13" l="66" c="53" d="123" a="0"/>
<U id="662" f="10" l="335" c="8" d="17" a="1"/>
<U id="663" f="8" l="1107" c="8" d="282" a="0"/>
<U id="664" f="14" l="23" c="75" d="266" a="0"/>
<U id="665" f="8" l="1017" c="8" d="282" a="0"/>
<U id="666" f="12" l="42" c="57" d="349" a="0"/>
<U id="667" f="13" l="64" c="91" d="128" a="0"/>
<U id="668" f="10" l="291" c="8" d="222" a="0"/>
<U id="669" f="10" l="372" c="8" d="4" a="1"/>
<U id="670" f="14" l="26" c="46" d="266" a="0"/>
<U id="671" f="14" l="32" c="48" d="266" a="0"/>
<U id="672" f="14" l="43" c="56" d="247" a="0"/>
<U id="673" f="10" l="308" c="8" d="222" a="0"/>
<U id="674" f="14" l="34" c="56" d="247" a="0"/>
<U id="675" f="13" l="85" c="35" d="292" a="0"/>
<U id="676" f="10" l="507" c="8" d="10" a="1"/>
<U id="677" f="14" l="24" c="75" d="266" a="0"/>
<U id="678" f="14" l="26" c="92" d="266" a="0"/>
<U id="679" f="13" l="63" c="83" d="340" a="0"/>
<U id="680" f="10" l="336" c="8" d="23" a="1"/>
<U id="681" f="10" l="472" c="8" d="219" a="1"/>
<U id="682" f="14" l="42" c="48" d="266" a="0"/>
<U id="683" f="13" l="64" c="46" d="139" a="0"/>
<U id="684" f="10" l="327" c="8" d="72" a="1"/>
<U id="685" f="10" l="382" c="8" d="56" a="1"/>
<U id="686" f="14" l="27" c="46" d="266" a="0"/>
<U id="687" f="14" l="44" c="56" d="247" a="0"/>
<U id="688" f="10" l="292" c="8" d="222" a="0"/>
<U id="689" f="10" l="318" c="8" d="266" a="0"/>
<U id="690" f="10" l="309" c="8" d="222" a="0"/>
<U id="691" f="14" l="37" c="64" d="247" a="0"/>
<U id="692" f="13" l="66" c="36" d="340" a="0"/>
<U id="693" f="14" l="25" c="75" d="266" a="0"/>
<U id="694" f="14" l="27" c="92" d="266" a="0"/>
<U id="695" f="8" l="1173" c="8" d="282" a="0"/>
<U id="696" f="10" l="337" c="8" d="80" a="1"/>
<U id="697" f="8" l="1083" c="8" d="282" a="0"/>
<U id="698" f="14" l="28" c="46" d="266" a="0"/>
<U id="699" f="14" l="34" c="48" d="266" a="0"/>
<U id="700" f="14" l="45" c="56" d="247" a="0"/>
<U id="701" f="10" l="328" c="8" d="61" a="1"/>
<U id="702" f="8" l="1155" c="8" d="282" a="0"/>
<U id="703" f="14" l="36" c="56" d="247" a="0"/>
<U id="704" f="10" l="293" c="8" d="222" a="0"/>
<U id="705" f="10" l="319" c="8" d="266" a="0"/>
<U id="706" f="8" l="1065" c="8" d="282" a="0"/>
<U id="707" f="8" l="1137" c="8" d="282" a="0"/>
<U id="708" f="14" l="28" c="92" d="266" a="0"/>
<U id="709" f="8" l="1047" c="8" d="282" a="0"/>
<U id="710" f="13" l="83" c="56" d="87" a="0"/>
<U id="711" f="14" l="44" c="48" d="266" a="0"/>
<U id="712" f="10" l="509" c="8" d="10" a="1"/>
<U id="713" f="8" l="1119" c="8" d="282" a="0"/>
<U id="714" f="14" l="26" c="57" d="266" a="0"/>
<U id="715" f="14" l="29" c="46" d="266" a="0"/>
<U id="716" f="14" l="46" c="56" d="266" a="0"/>
<U id="717" f="10" l="474" c="8" d="62" a="1"/>
<U id="718" f="8" l="1029" c="8" d="282" a="0"/>
<U id="719" f="10" l="329" c="8" d="79" a="1"/>
<U id="720" f="10" l="384" c="8" d="6" a="1"/>
<U id="721" f="10" l="294" c="8" d="222" a="0"/>
<U id="722" f="14" l="29" c="92" d="266" a="0"/>
<U id="723" f="10" l="528" c="8" d="98" a="0"/>
<U id="724" f="14" l="27" c="57" d="266" a="0"/>
<U id="725" f="14" l="36" c="48" d="266" a="0"/>
<U id="726" f="10" l="484" c="8" d="71" a="1"/>
<U id="727" f="14" l="38" c="56" d="266" a="0"/>
<U id="728" f="10" l="475" c="8" d="256" a="1"/>
<U id="729" f="13" l="67" c="92" d="130" a="0"/>
<U id="730" f="10" l="295" c="8" d="222" a="0"/>
<U id="731" f="14" l="46" c="48" d="266" a="0"/>
<U id="732" f="14" l="28" c="57" d="247" a="0"/>
<U id="733" f="8" l="1185" c="8" d="282" a="0"/>
<U id="734" f="14" l="39" c="56" d="266" a="0"/>
<U id="735" f="8" l="1095" c="8" d="282" a="0"/>
<U id="736" f="13" l="67" c="47" d="139" a="0"/>
<U id="737" f="8" l="1167" c="8" d="282" a="0"/>
<U id="738" f="8" l="1077" c="8" d="282" a="0"/>
<U id="739" f="14" l="26" c="77" d="266" a="0"/>
<U id="740" f="13" l="63" c="68" d="172" a="0"/>
<U id="741" f="13" l="85" c="84" d="123" a="0"/>
<U id="742" f="10" l="296" c="8" d="222" a="0"/>
<U id="743" f="10" l="377" c="8" d="44" a="1"/>
<U id="744" f="8" l="1149" c="8" d="282" a="0"/>
<U id="745" f="13" l="98" c="27" d="222" a="0"/>
<U id="746" f="14" l="29" c="57" d="247" a="0"/>
<U id="747" f="14" l="38" c="48" d="266" a="0"/>
<U id="748" f="10" l="287" c="8" d="222" a="0"/>
<U id="749" f="8" l="1059" c="8" d="282" a="0"/>
<U id="750" f="13" l="64" c="77" d="123" a="0"/>
<U id="751" f="14" l="27" c="77" d="266" a="0"/>
<U id="752" f="13" l="58" c="57" d="87" a="0"/>
<U id="753" f="10" l="297" c="8" d="222" a="0"/>
<U id="754" f="13" l="66" c="67" d="142" a="0"/>
<U id="755" f="10" l="288" c="8" d="197" a="0"/>
<U id="756" f="10" l="369" c="8" d="275" a="1"/>
<U id="757" f="14" l="28" c="77" d="266" a="0"/>
<U id="758" f="13" l="85" c="67" d="292" a="0"/>
<U id="759" f="10" l="478" c="8" d="211" a="1"/>
<U id="760" f="10" l="298" c="8" d="188" a="0"/>
<U id="761" f="10" l="379" c="8" d="44" a="1"/>
<U id="762" f="10" l="289" c="8" d="222" a="0"/>
<U id="763" f="14" l="29" c="77" d="266" a="0"/>
<U id="764" f="8" l="1179" c="8" d="282" a="0"/>
<U id="765" f="8" l="1089" c="8" d="282" a="0"/>
<U id="766" f="10" l="299" c="8" d="185" a="0"/>
<U id="767" f="13" l="99" c="56" d="87" a="0"/>
<U id="768" f="13" l="67" c="78" d="123" a="0"/>
<U id="769" f="13" l="85" c="98" d="133" a="0"/>
</Uses>
<Blocks>
<B id="1" t="ppcif" f="10" l="425" c="8">
<BEGIN l="425" c="56"/>
<END l="427" c="8"/>
</B>
<B id="2" t="routine" f="10" l="200" c="5">
<BEGIN l="201" c="0"/>
<END l="212" c="0"/>
</B>
<B id="3" t="else" f="10" l="514" c="79">
<BEGIN l="514" c="79"/>
<END l="514" c="146"/>
</B>
<B id="4" t="if" f="10" l="514" c="66">
<BEGIN l="514" c="69"/>
<END l="514" c="72"/>
<ELSE d="3"/>
</B>
<B id="5" t="else" f="10" l="513" c="101">
<BEGIN l="513" c="101"/>
<END l="513" c="188"/>
</B>
<B id="6" t="if" f="10" l="513" c="82">
<BEGIN l="513" c="86"/>
<END l="513" c="93"/>
<ELSE d="5"/>
</B>
<B id="7" t="else" f="10" l="512" c="103">
<BEGIN l="512" c="103"/>
<END l="512" c="192"/>
</B>
<B id="8" t="if" f="10" l="512" c="84">
<BEGIN l="512" c="88"/>
<END l="512" c="95"/>
<ELSE d="7"/>
</B>
<B id="9" t="else" f="10" l="511" c="101">
<BEGIN l="511" c="101"/>
<END l="511" c="188"/>
</B>
<B id="10" t="if" f="10" l="511" c="82">
<BEGIN l="511" c="86"/>
<END l="511" c="93"/>
<ELSE d="9"/>
</B>
<B id="11" t="else" f="10" l="510" c="81">
<BEGIN l="510" c="81"/>
<END l="510" c="150"/>
</B>
<B id="12" t="if" f="10" l="510" c="68">
<BEGIN l="510" c="71"/>
<END l="510" c="74"/>
<ELSE d="11"/>
</B>
<B id="13" t="else" f="10" l="509" c="77">
<BEGIN l="509" c="77"/>
<END l="509" c="142"/>
</B>
<B id="14" t="if" f="10" l="509" c="64">
<BEGIN l="509" c="67"/>
<END l="509" c="70"/>
<ELSE d="13"/>
</B>
<B id="15" t="else" f="10" l="501" c="8">
<BEGIN l="502" c="8"/>
<END l="505" c="8"/>
</B>
<B id="16" t="if" f="10" l="496" c="8">
<BEGIN l="497" c="8"/>
<END l="500" c="8"/>
<ELSE d="15"/>
</B>
<B id="17" t="else" f="10" l="490" c="8">
<BEGIN l="491" c="8"/>
<END l="493" c="8"/>
</B>
<B id="18" t="if" f="10" l="486" c="8">
<BEGIN l="487" c="8"/>
<END l="489" c="8"/>
<ELSE d="17"/>
</B>
<B id="19" t="else" f="10" l="484" c="104">
<BEGIN l="484" c="104"/>
<END l="484" c="197"/>
</B>
<B id="20" t="if" f="10" l="484" c="78">
<BEGIN l="484" c="81"/>
<END l="484" c="97"/>
<ELSE d="19"/>
</B>
<B id="21" t="if" f="10" l="479" c="8">
<BEGIN l="480" c="8"/>
<END l="482" c="8"/>
</B>
<B id="22" t="else" f="10" l="474" c="230">
<BEGIN l="474" c="230"/>
<END l="474" c="451"/>
</B>
<B id="23" t="if" f="10" l="474" c="143">
<BEGIN l="474" c="147"/>
<END l="474" c="222"/>
<ELSE d="22"/>
</B>
<B id="24" t="if" f="10" l="467" c="8">
<BEGIN l="468" c="8"/>
<END l="470" c="8"/>
</B>
<B id="25" t="else" f="10" l="457" c="8">
<BEGIN l="458" c="8"/>
<END l="464" c="8"/>
</B>
<B id="26" t="if" f="10" l="452" c="8">
<BEGIN l="453" c="8"/>
<END l="456" c="8"/>
<ELSE d="25"/>
</B>
<B id="27" t="else" f="10" l="440" c="87">
<BEGIN l="440" c="87"/>
<END l="440" c="150"/>
</B>
<B id="28" t="if" f="10" l="440" c="74">
<BEGIN l="440" c="77"/>
<END l="440" c="80"/>
<ELSE d="27"/>
</B>
<B id="29" t="else" f="10" l="438" c="8">
<BEGIN l="439" c="8"/>
<END l="441" c="8"/>
<SUB d="28"/>
</B>
<B id="30" t="if" f="10" l="432" c="8">
<BEGIN l="435" c="8"/>
<END l="437" c="8"/>
<ELSE d="29"/>
</B>
<B id="31" t="else" f="10" l="419" c="8">
<BEGIN l="420" c="8"/>
<END l="422" c="8"/>
</B>
<B id="32" t="if" f="10" l="415" c="8">
<BEGIN l="416" c="8"/>
<END l="418" c="8"/>
<ELSE d="31"/>
</B>
<B id="33" t="else" f="10" l="409" c="8">
<BEGIN l="410" c="8"/>
<END l="412" c="8"/>
</B>
<B id="34" t="if" f="10" l="405" c="8">
<BEGIN l="406" c="8"/>
<END l="408" c="8"/>
<ELSE d="33"/>
</B>
<B id="35" t="else" f="10" l="400" c="8">
<BEGIN l="401" c="8"/>
<END l="403" c="8"/>
</B>
<B id="36" t="if" f="10" l="396" c="8">
<BEGIN l="397" c="8"/>
<END l="399" c="8"/>
<ELSE d="35"/>
</B>
<B id="37" t="else" f="10" l="391" c="8">
<BEGIN l="392" c="8"/>
<END l="394" c="8"/>
</B>
<B id="38" t="if" f="10" l="387" c="8">
<BEGIN l="388" c="8"/>
<END l="390" c="8"/>
<ELSE d="37"/>
</B>
<B id="39" t="else" f="10" l="361" c="237">
<BEGIN l="361" c="237"/>
<END l="361" c="446"/>
</B>
<B id="40" t="if" f="10" l="361" c="147">
<BEGIN l="361" c="151"/>
<END l="361" c="229"/>
<ELSE d="39"/>
</B>
<B id="41" t="else" f="10" l="366" c="237">
<BEGIN l="366" c="237"/>
<END l="366" c="446"/>
</B>
<B id="42" t="if" f="10" l="366" c="147">
<BEGIN l="366" c="151"/>
<END l="366" c="229"/>
<ELSE d="41"/>
</B>
<B id="43" t="else" f="10" l="364" c="8">
<BEGIN l="365" c="8"/>
<END l="367" c="8"/>
<SUB d="42"/>
</B>
<B id="44" t="if" f="10" l="359" c="8">
<BEGIN l="360" c="8"/>
<END l="363" c="8"/>
<SUB d="40"/>
<ELSE d="43"/>
</B>
<B id="45" t="if" f="10" l="353" c="8">
<BEGIN l="354" c="8"/>
<END l="356" c="8"/>
</B>
<B id="46" t="routine" f="10" l="281" c="5">
<BEGIN l="282" c="0"/>
<END l="532" c="0"/>
<SUB d="4"/>
<SUB d="6"/>
<SUB d="8"/>
<SUB d="10"/>
<SUB d="12"/>
<SUB d="14"/>
<SUB d="16"/>
<SUB d="18"/>
<SUB d="20"/>
<SUB d="21"/>
<SUB d="23"/>
<SUB d="24"/>
<SUB d="26"/>
<SUB d="30"/>
<SUB d="32"/>
<SUB d="34"/>
<SUB d="36"/>
<SUB d="38"/>
<SUB d="44"/>
<SUB d="45"/>
</B>
<B id="47" t="ppcif" f="16" l="15" c="0">
<BEGIN l="15" c="27"/>
<END l="330" c="0"/>
</B>
<B id="48" t="ppcif" f="16" l="25" c="0">
<BEGIN l="25" c="19"/>
<END l="155" c="0"/>
</B>
<B id="49" t="ppcrmif" f="16" l="46" c="0">
<BEGIN l="46" c="93"/>
<END l="91" c="0"/>
</B>
<B id="50" t="ppcrmif" f="16" l="94" c="0">
<BEGIN l="94" c="91"/>
<END l="153" c="0"/>
</B>
<B id="51" t="ppcrmelse" f="16" l="155" c="0">
<BEGIN l="155" c="35"/>
<END l="328" c="0"/>
</B>
<B id="52" t="ppcif" f="17" l="11" c="0">
<BEGIN l="11" c="27"/>
<END l="36" c="0"/>
</B>
<B id="53" t="ppcrmif" f="17" l="14" c="0">
<BEGIN l="14" c="19"/>
<END l="29" c="0"/>
</B>
<B id="54" t="ppcelse" f="17" l="29" c="0">
<BEGIN l="29" c="5"/>
<END l="33" c="0"/>
</B>
<B id="55" t="ppcif" f="1" l="22" c="0">
<BEGIN l="22" c="17"/>
<END l="109" c="0"/>
</B>
<B id="56" t="ppcrmif" f="1" l="39" c="0">
<BEGIN l="39" c="66"/>
<END l="43" c="0"/>
</B>
<B id="57" t="ppcelse" f="1" l="43" c="0">
<BEGIN l="43" c="60"/>
<END l="47" c="0"/>
</B>
<B id="58" t="ppcrmif" f="1" l="52" c="0">
<BEGIN l="52" c="18"/>
<END l="58" c="0"/>
</B>
<B id="59" t="ppcrmif" f="1" l="62" c="0">
<BEGIN l="62" c="33"/>
<END l="80" c="0"/>
</B>
<B id="60" t="ppcelse" f="1" l="80" c="0">
<BEGIN l="80" c="31"/>
<END l="93" c="0"/>
</B>
<B id="61" t="ppcrmif" f="1" l="96" c="0">
<BEGIN l="96" c="14"/>
<END l="106" c="0"/>
</B>
<B id="62" t="ppcif" f="18" l="3" c="0">
<BEGIN l="3" c="29"/>
<END l="348" c="0"/>
</B>
<B id="63" t="ppcif" f="18" l="61" c="0">
<BEGIN l="63" c="27"/>
<END l="66" c="0"/>
</B>
<B id="64" t="ppcrmif" f="18" l="165" c="0">
<BEGIN l="165" c="17"/>
<END l="206" c="0"/>
</B>
<B id="65" t="ppcrmif" f="18" l="209" c="0">
<BEGIN l="209" c="37"/>
<END l="211" c="0"/>
</B>
<B id="66" t="ppcrmif" f="18" l="213" c="0">
<BEGIN l="213" c="44"/>
<END l="321" c="0"/>
</B>
<B id="67" t="ppcif" f="18" l="323" c="0">
<BEGIN l="323" c="18"/>
<END l="346" c="0"/>
</B>
<B id="68" t="ppcrmif" f="18" l="326" c="0">
<BEGIN l="326" c="18"/>
<END l="328" c="0"/>
</B>
<B id="69" t="ppcrmif" f="18" l="329" c="0">
<BEGIN l="329" c="63"/>
<END l="331" c="0"/>
</B>
<B id="70" t="ppcrmif" f="18" l="332" c="0">
<BEGIN l="332" c="64"/>
<END l="334" c="0"/>
</B>
<B id="71" t="ppcrmif" f="18" l="335" c="0">
<BEGIN l="335" c="16"/>
<END l="340" c="0"/>
</B>
<B id="72" t="ppcif" f="18" l="343" c="0">
<BEGIN l="343" c="57"/>
<END l="345" c="0"/>
</B>
<B id="73" t="ppcif" f="5" l="24" c="0">
<BEGIN l="24" c="27"/>
<END l="315" c="0"/>
</B>
<B id="74" t="ppcrmif" f="5" l="27" c="0">
<BEGIN l="27" c="35"/>
<END l="29" c="0"/>
</B>
<B id="75" t="ppcrmif" f="5" l="32" c="0">
<BEGIN l="32" c="19"/>
<END l="35" c="0"/>
</B>
<B id="76" t="ppcrmif" f="5" l="299" c="0">
<BEGIN l="299" c="19"/>
<END l="301" c="0"/>
</B>
<B id="77" t="ppcif" f="5" l="304" c="0">
<BEGIN l="304" c="26"/>
<END l="312" c="0"/>
</B>
<B id="78" t="ppcif" f="5" l="305" c="0">
<BEGIN l="305" c="25"/>
<END l="309" c="0"/>
</B>
<B id="79" t="ppcrmif" f="5" l="306" c="0">
<BEGIN l="306" c="37"/>
<END l="308" c="0"/>
</B>
<B id="80" t="ppcrmelse" f="5" l="309" c="0">
<BEGIN l="309" c="7"/>
<END l="311" c="0"/>
</B>
<B id="81" t="type" f="4" l="504" c="0">
<BEGIN l="504" c="0"/>
<END l="506" c="0"/>
</B>
<B id="82" t="type" f="4" l="509" c="0">
<BEGIN l="509" c="0"/>
<END l="511" c="0"/>
</B>
<B id="83" t="type" f="4" l="514" c="0">
<BEGIN l="514" c="0"/>
<END l="516" c="0"/>
</B>
<B id="84" t="type" f="4" l="519" c="0">
<BEGIN l="519" c="0"/>
<END l="521" c="0"/>
</B>
<B id="85" t="type" f="4" l="524" c="0">
<BEGIN l="524" c="0"/>
<END l="526" c="0"/>
</B>
<B id="86" t="type" f="4" l="533" c="7">
<BEGIN l="533" c="26"/>
<END l="555" c="0"/>
</B>
<B id="87" t="ppcif" f="4" l="24" c="0">
<BEGIN l="24" c="19"/>
<END l="577" c="0"/>
</B>
<B id="88" t="ppcrmif" f="4" l="46" c="0">
<BEGIN l="46" c="63"/>
<END l="50" c="0"/>
</B>
<B id="89" t="ppcelse" f="4" l="50" c="0">
<BEGIN l="50" c="6"/>
<END l="53" c="0"/>
</B>
<B id="90" t="ppcrmif" f="4" l="54" c="0">
<BEGIN l="54" c="59"/>
<END l="58" c="0"/>
</B>
<B id="91" t="ppcelse" f="4" l="58" c="0">
<BEGIN l="58" c="6"/>
<END l="61" c="0"/>
</B>
<B id="92" t="ppcrmif" f="4" l="62" c="0">
<BEGIN l="62" c="83"/>
<END l="66" c="0"/>
</B>
<B id="93" t="ppcelse" f="4" l="66" c="0">
<BEGIN l="66" c="6"/>
<END l="69" c="0"/>
</B>
<B id="94" t="ppcrmif" f="4" l="70" c="0">
<BEGIN l="70" c="81"/>
<END l="74" c="0"/>
</B>
<B id="95" t="ppcelse" f="4" l="74" c="0">
<BEGIN l="74" c="6"/>
<END l="77" c="0"/>
</B>
<B id="96" t="ppcrmif" f="4" l="78" c="0">
<BEGIN l="78" c="87"/>
<END l="82" c="0"/>
</B>
<B id="97" t="ppcelse" f="4" l="82" c="0">
<BEGIN l="82" c="6"/>
<END l="85" c="0"/>
</B>
<B id="98" t="ppcrmif" f="4" l="91" c="0">
<BEGIN l="91" c="65"/>
<END l="95" c="0"/>
</B>
<B id="99" t="ppcelse" f="4" l="95" c="0">
<BEGIN l="95" c="6"/>
<END l="98" c="0"/>
</B>
<B id="100" t="ppcrmif" f="4" l="99" c="0">
<BEGIN l="99" c="65"/>
<END l="103" c="0"/>
</B>
<B id="101" t="ppcelse" f="4" l="103" c="0">
<BEGIN l="103" c="6"/>
<END l="106" c="0"/>
</B>
<B id="102" t="ppcrmif" f="4" l="107" c="0">
<BEGIN l="107" c="67"/>
<END l="111" c="0"/>
</B>
<B id="103" t="ppcelse" f="4" l="111" c="0">
<BEGIN l="111" c="6"/>
<END l="114" c="0"/>
</B>
<B id="104" t="ppcrmif" f="4" l="115" c="0">
<BEGIN l="115" c="75"/>
<END l="119" c="0"/>
</B>
<B id="105" t="ppcelse" f="4" l="119" c="0">
<BEGIN l="119" c="6"/>
<END l="122" c="0"/>
</B>
<B id="106" t="ppcrmif" f="4" l="123" c="0">
<BEGIN l="123" c="73"/>
<END l="127" c="0"/>
</B>
<B id="107" t="ppcelse" f="4" l="127" c="0">
<BEGIN l="127" c="6"/>
<END l="130" c="0"/>
</B>
<B id="108" t="ppcrmif" f="4" l="131" c="0">
<BEGIN l="131" c="91"/>
<END l="135" c="0"/>
</B>
<B id="109" t="ppcelse" f="4" l="135" c="0">
<BEGIN l="135" c="6"/>
<END l="138" c="0"/>
</B>
<B id="110" t="ppcrmif" f="4" l="139" c="0">
<BEGIN l="139" c="69"/>
<END l="143" c="0"/>
</B>
<B id="111" t="ppcelse" f="4" l="143" c="0">
<BEGIN l="143" c="6"/>
<END l="146" c="0"/>
</B>
<B id="112" t="ppcrmif" f="4" l="147" c="0">
<BEGIN l="147" c="75"/>
<END l="151" c="0"/>
</B>
<B id="113" t="ppcelse" f="4" l="151" c="0">
<BEGIN l="151" c="6"/>
<END l="154" c="0"/>
</B>
<B id="114" t="ppcrmif" f="4" l="155" c="0">
<BEGIN l="155" c="89"/>
<END l="159" c="0"/>
</B>
<B id="115" t="ppcelse" f="4" l="159" c="0">
<BEGIN l="159" c="6"/>
<END l="162" c="0"/>
</B>
<B id="116" t="ppcrmif" f="4" l="163" c="0">
<BEGIN l="163" c="79"/>
<END l="167" c="0"/>
</B>
<B id="117" t="ppcelse" f="4" l="167" c="0">
<BEGIN l="167" c="6"/>
<END l="170" c="0"/>
</B>
<B id="118" t="ppcrmif" f="4" l="171" c="0">
<BEGIN l="171" c="85"/>
<END l="175" c="0"/>
</B>
<B id="119" t="ppcelse" f="4" l="175" c="0">
<BEGIN l="175" c="6"/>
<END l="178" c="0"/>
</B>
<B id="120" t="ppcrmif" f="4" l="179" c="0">
<BEGIN l="179" c="95"/>
<END l="183" c="0"/>
</B>
<B id="121" t="ppcelse" f="4" l="183" c="0">
<BEGIN l="183" c="6"/>
<END l="186" c="0"/>
</B>
<B id="122" t="ppcrmif" f="4" l="187" c="0">
<BEGIN l="187" c="77"/>
<END l="191" c="0"/>
</B>
<B id="123" t="ppcelse" f="4" l="191" c="0">
<BEGIN l="191" c="6"/>
<END l="194" c="0"/>
</B>
<B id="124" t="ppcrmif" f="4" l="195" c="0">
<BEGIN l="195" c="89"/>
<END l="199" c="0"/>
</B>
<B id="125" t="ppcelse" f="4" l="199" c="0">
<BEGIN l="199" c="6"/>
<END l="202" c="0"/>
</B>
<B id="126" t="ppcrmif" f="4" l="203" c="0">
<BEGIN l="203" c="93"/>
<END l="207" c="0"/>
</B>
<B id="127" t="ppcelse" f="4" l="207" c="0">
<BEGIN l="207" c="6"/>
<END l="210" c="0"/>
</B>
<B id="128" t="ppcrmif" f="4" l="211" c="0">
<BEGIN l="211" c="93"/>
<END l="215" c="0"/>
</B>
<B id="129" t="ppcelse" f="4" l="215" c="0">
<BEGIN l="215" c="6"/>
<END l="218" c="0"/>
</B>
<B id="130" t="ppcrmif" f="4" l="219" c="0">
<BEGIN l="219" c="89"/>
<END l="223" c="0"/>
</B>
<B id="131" t="ppcelse" f="4" l="223" c="0">
<BEGIN l="223" c="6"/>
<END l="226" c="0"/>
</B>
<B id="132" t="ppcrmif" f="4" l="227" c="0">
<BEGIN l="227" c="85"/>
<END l="231" c="0"/>
</B>
<B id="133" t="ppcelse" f="4" l="231" c="0">
<BEGIN l="231" c="6"/>
<END l="234" c="0"/>
</B>
<B id="134" t="ppcrmif" f="4" l="235" c="0">
<BEGIN l="235" c="101"/>
<END l="239" c="0"/>
</B>
<B id="135" t="ppcelse" f="4" l="239" c="0">
<BEGIN l="239" c="6"/>
<END l="242" c="0"/>
</B>
<B id="136" t="ppcrmif" f="4" l="243" c="0">
<BEGIN l="243" c="101"/>
<END l="247" c="0"/>
</B>
<B id="137" t="ppcelse" f="4" l="247" c="0">
<BEGIN l="247" c="6"/>
<END l="250" c="0"/>
</B>
<B id="138" t="ppcrmif" f="4" l="251" c="0">
<BEGIN l="251" c="101"/>
<END l="255" c="0"/>
</B>
<B id="139" t="ppcelse" f="4" l="255" c="0">
<BEGIN l="255" c="6"/>
<END l="258" c="0"/>
</B>
<B id="140" t="ppcrmif" f="4" l="259" c="0">
<BEGIN l="259" c="95"/>
<END l="263" c="0"/>
</B>
<B id="141" t="ppcelse" f="4" l="263" c="0">
<BEGIN l="263" c="6"/>
<END l="266" c="0"/>
</B>
<B id="142" t="ppcrmif" f="4" l="267" c="0">
<BEGIN l="267" c="91"/>
<END l="271" c="0"/>
</B>
<B id="143" t="ppcelse" f="4" l="271" c="0">
<BEGIN l="271" c="6"/>
<END l="274" c="0"/>
</B>
<B id="144" t="ppcrmif" f="4" l="275" c="0">
<BEGIN l="275" c="105"/>
<END l="279" c="0"/>
</B>
<B id="145" t="ppcelse" f="4" l="279" c="0">
<BEGIN l="279" c="6"/>
<END l="282" c="0"/>
</B>
<B id="146" t="ppcrmif" f="4" l="283" c="0">
<BEGIN l="283" c="75"/>
<END l="287" c="0"/>
</B>
<B id="147" t="ppcelse" f="4" l="287" c="0">
<BEGIN l="287" c="6"/>
<END l="290" c="0"/>
</B>
<B id="148" t="ppcrmif" f="4" l="291" c="0">
<BEGIN l="291" c="65"/>
<END l="295" c="0"/>
</B>
<B id="149" t="ppcelse" f="4" l="295" c="0">
<BEGIN l="295" c="6"/>
<END l="298" c="0"/>
</B>
<B id="150" t="ppcrmif" f="4" l="299" c="0">
<BEGIN l="299" c="111"/>
<END l="303" c="0"/>
</B>
<B id="151" t="ppcelse" f="4" l="303" c="0">
<BEGIN l="303" c="6"/>
<END l="306" c="0"/>
</B>
<B id="152" t="ppcrmif" f="4" l="307" c="0">
<BEGIN l="307" c="105"/>
<END l="311" c="0"/>
</B>
<B id="153" t="ppcelse" f="4" l="311" c="0">
<BEGIN l="311" c="6"/>
<END l="314" c="0"/>
</B>
<B id="154" t="ppcrmif" f="4" l="320" c="0">
<BEGIN l="320" c="69"/>
<END l="324" c="0"/>
</B>
<B id="155" t="ppcelse" f="4" l="324" c="0">
<BEGIN l="324" c="6"/>
<END l="327" c="0"/>
</B>
<B id="156" t="ppcrmif" f="4" l="328" c="0">
<BEGIN l="328" c="65"/>
<END l="332" c="0"/>
</B>
<B id="157" t="ppcelse" f="4" l="332" c="0">
<BEGIN l="332" c="6"/>
<END l="335" c="0"/>
</B>
<B id="158" t="ppcrmif" f="4" l="336" c="0">
<BEGIN l="336" c="67"/>
<END l="340" c="0"/>
</B>
<B id="159" t="ppcelse" f="4" l="340" c="0">
<BEGIN l="340" c="6"/>
<END l="343" c="0"/>
</B>
<B id="160" t="ppcrmif" f="4" l="349" c="0">
<BEGIN l="349" c="63"/>
<END l="353" c="0"/>
</B>
<B id="161" t="ppcelse" f="4" l="353" c="0">
<BEGIN l="353" c="6"/>
<END l="356" c="0"/>
</B>
<B id="162" t="ppcrmif" f="4" l="357" c="0">
<BEGIN l="357" c="59"/>
<END l="361" c="0"/>
</B>
<B id="163" t="ppcelse" f="4" l="361" c="0">
<BEGIN l="361" c="6"/>
<END l="364" c="0"/>
</B>
<B id="164" t="ppcrmif" f="4" l="365" c="0">
<BEGIN l="365" c="83"/>
<END l="369" c="0"/>
</B>
<B id="165" t="ppcelse" f="4" l="369" c="0">
<BEGIN l="369" c="6"/>
<END l="372" c="0"/>
</B>
<B id="166" t="ppcrmif" f="4" l="373" c="0">
<BEGIN l="373" c="81"/>
<END l="377" c="0"/>
</B>
<B id="167" t="ppcelse" f="4" l="377" c="0">
<BEGIN l="377" c="6"/>
<END l="380" c="0"/>
</B>
<B id="168" t="ppcrmif" f="4" l="381" c="0">
<BEGIN l="381" c="87"/>
<END l="385" c="0"/>
</B>
<B id="169" t="ppcelse" f="4" l="385" c="0">
<BEGIN l="385" c="6"/>
<END l="388" c="0"/>
</B>
<B id="170" t="ppcif" f="4" l="391" c="0">
<BEGIN l="391" c="38"/>
<END l="441" c="0"/>
</B>
<B id="171" t="ppcrmif" f="4" l="460" c="0">
<BEGIN l="460" c="69"/>
<END l="464" c="0"/>
</B>
<B id="172" t="ppcelse" f="4" l="464" c="0">
<BEGIN l="464" c="6"/>
<END l="467" c="0"/>
</B>
<B id="173" t="ppcrmif" f="4" l="469" c="0">
<BEGIN l="469" c="65"/>
<END l="473" c="0"/>
</B>
<B id="174" t="ppcelse" f="4" l="473" c="0">
<BEGIN l="473" c="6"/>
<END l="476" c="0"/>
</B>
<B id="175" t="ppcrmif" f="4" l="478" c="0">
<BEGIN l="478" c="65"/>
<END l="482" c="0"/>
</B>
<B id="176" t="ppcelse" f="4" l="482" c="0">
<BEGIN l="482" c="6"/>
<END l="485" c="0"/>
</B>
<B id="177" t="ppcrmif" f="4" l="487" c="0">
<BEGIN l="487" c="67"/>
<END l="491" c="0"/>
</B>
<B id="178" t="ppcelse" f="4" l="491" c="0">
<BEGIN l="491" c="6"/>
<END l="494" c="0"/>
</B>
<B id="179" t="ppcif" f="4" l="566" c="0">
<BEGIN l="566" c="26"/>
<END l="574" c="0"/>
</B>
<B id="180" t="ppcif" f="4" l="567" c="0">
<BEGIN l="567" c="25"/>
<END l="571" c="0"/>
</B>
<B id="181" t="ppcrmif" f="4" l="568" c="0">
<BEGIN l="568" c="37"/>
<END l="570" c="0"/>
</B>
<B id="182" t="ppcrmelse" f="4" l="571" c="0">
<BEGIN l="571" c="7"/>
<END l="573" c="0"/>
</B>
<B id="183" t="ppcif" f="19" l="25" c="0">
<BEGIN l="25" c="14"/>
<END l="81" c="0"/>
</B>
<B id="184" t="ppcrmif" f="19" l="41" c="0">
<BEGIN l="41" c="44"/>
<END l="43" c="0"/>
</B>
<B id="185" t="ppcrmif" f="19" l="45" c="0">
<BEGIN l="45" c="46"/>
<END l="47" c="0"/>
</B>
<B id="186" t="ppcif" f="19" l="70" c="0">
<BEGIN l="70" c="26"/>
<END l="78" c="0"/>
</B>
<B id="187" t="ppcrmif" f="19" l="71" c="0">
<BEGIN l="71" c="25"/>
<END l="75" c="0"/>
</B>
<B id="188" t="ppcelse" f="19" l="75" c="0">
<BEGIN l="75" c="7"/>
<END l="77" c="0"/>
</B>
<B id="189" t="type" f="3" l="110" c="0">
<BEGIN l="110" c="0"/>
<END l="117" c="0"/>
</B>
<B id="190" t="ppcif" f="3" l="49" c="0">
<BEGIN l="49" c="19"/>
<END l="130" c="0"/>
</B>
<B id="191" t="ppcif" f="3" l="97" c="0">
<BEGIN l="97" c="26"/>
<END l="101" c="0"/>
</B>
<B id="192" t="ppcif" f="2" l="46" c="0">
<BEGIN l="46" c="24"/>
<END l="145" c="0"/>
</B>
<B id="193" t="ppcif" f="2" l="88" c="0">
<BEGIN l="88" c="12"/>
<END l="90" c="0"/>
</B>
<B id="194" t="ppcif" f="2" l="92" c="0">
<BEGIN l="92" c="13"/>
<END l="94" c="0"/>
</B>
<B id="195" t="ppcif" f="20" l="47" c="0">
<BEGIN l="47" c="18"/>
<END l="171" c="0"/>
</B>
<B id="196" t="ppcif" f="20" l="90" c="0">
<BEGIN l="90" c="16"/>
<END l="92" c="0"/>
</B>
<B id="197" t="ppcif" f="21" l="18" c="0">
<BEGIN l="18" c="22"/>
<END l="23" c="0"/>
</B>
<B id="198" t="ppcif" f="22" l="18" c="0">
<BEGIN l="18" c="16"/>
<END l="21" c="0"/>
</B>
<B id="199" t="ppcif" f="11" l="1" c="0">
<BEGIN l="1" c="26"/>
<END l="8" c="0"/>
</B>
<B id="200" t="ppcif" f="9" l="19" c="0">
<BEGIN l="19" c="22"/>
<END l="44" c="0"/>
</B>
<B id="201" t="ppcif" f="12" l="18" c="0">
<BEGIN l="18" c="21"/>
<END l="184" c="0"/>
</B>
<B id="202" t="routine" f="12" l="38" c="9">
<BEGIN l="41" c="0"/>
<END l="43" c="0"/>
</B>
<B id="203" t="ppcif" f="23" l="24" c="0">
<BEGIN l="24" c="15"/>
<END l="443" c="0"/>
</B>
<B id="204" t="ppcrmif" f="23" l="34" c="0">
<BEGIN l="34" c="19"/>
<END l="43" c="0"/>
</B>
<B id="205" t="ppcrmif" f="23" l="76" c="0">
<BEGIN l="76" c="46"/>
<END l="124" c="0"/>
</B>
<B id="206" t="ppcrmif" f="23" l="130" c="0">
<BEGIN l="130" c="45"/>
<END l="133" c="0"/>
</B>
<B id="207" t="ppcrmif" f="23" l="137" c="0">
<BEGIN l="137" c="19"/>
<END l="255" c="0"/>
</B>
<B id="208" t="ppcrmif" f="23" l="257" c="0">
<BEGIN l="257" c="17"/>
<END l="272" c="0"/>
</B>
<B id="209" t="ppcrmif" f="23" l="275" c="0">
<BEGIN l="275" c="17"/>
<END l="313" c="0"/>
</B>
<B id="210" t="ppcelse" f="23" l="313" c="0">
<BEGIN l="313" c="17"/>
<END l="320" c="0"/>
</B>
<B id="211" t="ppcrmif" f="23" l="315" c="0">
<BEGIN l="315" c="19"/>
<END l="318" c="0"/>
</B>
<B id="212" t="ppcrmif" f="23" l="324" c="0">
<BEGIN l="324" c="44"/>
<END l="338" c="0"/>
</B>
<B id="213" t="ppcrmif" f="23" l="343" c="0">
<BEGIN l="343" c="16"/>
<END l="357" c="0"/>
</B>
<B id="214" t="ppcif" f="23" l="363" c="0">
<BEGIN l="363" c="57"/>
<END l="365" c="0"/>
</B>
<B id="215" t="ppcrmif" f="23" l="367" c="0">
<BEGIN l="367" c="47"/>
<END l="380" c="0"/>
</B>
<B id="216" t="ppcrmif" f="23" l="383" c="0">
<BEGIN l="383" c="27"/>
<END l="385" c="0"/>
</B>
<B id="217" t="ppcrmif" f="23" l="387" c="0">
<BEGIN l="387" c="19"/>
<END l="438" c="0"/>
</B>
<B id="218" t="ppcif" f="24" l="19" c="0">
<BEGIN l="19" c="19"/>
<END l="345" c="0"/>
</B>
<B id="219" t="ppcif" f="24" l="113" c="0">
<BEGIN l="113" c="27"/>
<END l="115" c="0"/>
</B>
<B id="220" t="ppcrmif" f="24" l="127" c="0">
<BEGIN l="127" c="46"/>
<END l="130" c="0"/>
</B>
<B id="221" t="ppcelse" f="24" l="130" c="0">
<BEGIN l="130" c="5"/>
<END l="132" c="0"/>
</B>
<B id="222" t="ppcrmif" f="24" l="136" c="0">
<BEGIN l="139" c="50"/>
<END l="141" c="0"/>
</B>
<B id="223" t="ppcrmif" f="24" l="144" c="0">
<BEGIN l="144" c="18"/>
<END l="161" c="0"/>
</B>
<B id="224" t="ppcrmif" f="24" l="165" c="0">
<BEGIN l="168" c="51"/>
<END l="171" c="0"/>
</B>
<B id="225" t="ppcrmif" f="24" l="177" c="0">
<BEGIN l="178" c="66"/>
<END l="180" c="0"/>
</B>
<B id="226" t="ppcrmif" f="24" l="184" c="0">
<BEGIN l="185" c="56"/>
<END l="192" c="0"/>
</B>
<B id="227" t="ppcrmif" f="24" l="194" c="0">
<BEGIN l="194" c="74"/>
<END l="196" c="0"/>
</B>
<B id="228" t="ppcrmif" f="24" l="198" c="0">
<BEGIN l="198" c="76"/>
<END l="200" c="0"/>
</B>
<B id="229" t="ppcrmif" f="24" l="202" c="0">
<BEGIN l="202" c="36"/>
<END l="204" c="0"/>
</B>
<B id="230" t="ppcrmif" f="24" l="206" c="0">
<BEGIN l="206" c="36"/>
<END l="208" c="0"/>
</B>
<B id="231" t="ppcrmif" f="24" l="210" c="0">
<BEGIN l="210" c="36"/>
<END l="212" c="0"/>
</B>
<B id="232" t="ppcrmif" f="24" l="214" c="0">
<BEGIN l="214" c="20"/>
<END l="231" c="0"/>
</B>
<B id="233" t="ppcrmif" f="24" l="233" c="0">
<BEGIN l="233" c="24"/>
<END l="235" c="0"/>
</B>
<B id="234" t="ppcrmif" f="24" l="237" c="0">
<BEGIN l="237" c="26"/>
<END l="239" c="0"/>
</B>
<B id="235" t="ppcrmif" f="24" l="241" c="0">
<BEGIN l="241" c="56"/>
<END l="243" c="0"/>
</B>
<B id="236" t="ppcrmif" f="24" l="245" c="0">
<BEGIN l="245" c="47"/>
<END l="247" c="0"/>
</B>
<B id="237" t="ppcrmif" f="24" l="249" c="0">
<BEGIN l="249" c="18"/>
<END l="251" c="0"/>
</B>
<B id="238" t="ppcrmif" f="24" l="253" c="0">
<BEGIN l="253" c="19"/>
<END l="255" c="0"/>
</B>
<B id="239" t="ppcrmif" f="24" l="257" c="0">
<BEGIN l="257" c="18"/>
<END l="259" c="0"/>
</B>
<B id="240" t="ppcrmif" f="24" l="261" c="0">
<BEGIN l="261" c="46"/>
<END l="263" c="0"/>
</B>
<B id="241" t="ppcrmif" f="24" l="265" c="0">
<BEGIN l="274" c="37"/>
<END l="280" c="0"/>
</B>
<B id="242" t="ppcelse" f="24" l="280" c="0">
<BEGIN l="280" c="5"/>
<END l="282" c="0"/>
</B>
<B id="243" t="ppcrmif" f="24" l="309" c="0">
<BEGIN l="312" c="64"/>
<END l="314" c="0"/>
</B>
<B id="244" t="ppcif" f="24" l="317" c="0">
<BEGIN l="317" c="21"/>
<END l="329" c="0"/>
</B>
<B id="245" t="ppcif" f="24" l="318" c="0">
<BEGIN l="318" c="21"/>
<END l="320" c="0"/>
</B>
<B id="246" t="ppcrmif" f="24" l="324" c="0">
<BEGIN l="324" c="55"/>
<END l="327" c="0"/>
</B>
<B id="247" t="ppcrmif" f="24" l="332" c="0">
<BEGIN l="333" c="59"/>
<END l="335" c="0"/>
</B>
<B id="248" t="ppcif" f="25" l="19" c="0">
<BEGIN l="19" c="20"/>
<END l="296" c="0"/>
</B>
<B id="249" t="ppcrmif" f="25" l="23" c="0">
<BEGIN l="23" c="19"/>
<END l="25" c="0"/>
</B>
<B id="250" t="ppcrmif" f="25" l="30" c="0">
<BEGIN l="30" c="41"/>
<END l="32" c="0"/>
</B>
<B id="251" t="ppcrmif" f="25" l="38" c="0">
<BEGIN l="38" c="15"/>
<END l="60" c="0"/>
</B>
<B id="252" t="ppcelse" f="25" l="60" c="0">
<BEGIN l="60" c="21"/>
<END l="71" c="0"/>
</B>
<B id="253" t="ppcrmif" f="25" l="90" c="0">
<BEGIN l="90" c="18"/>
<END l="93" c="0"/>
</B>
<B id="254" t="ppcelse" f="25" l="93" c="0">
<BEGIN l="93" c="5"/>
<END l="96" c="0"/>
</B>
<B id="255" t="ppcrmif" f="25" l="104" c="0">
<BEGIN l="104" c="58"/>
<END l="111" c="0"/>
</B>
<B id="256" t="ppcelse" f="25" l="111" c="0">
<BEGIN l="111" c="5"/>
<END l="121" c="0"/>
</B>
<B id="257" t="ppcif" f="25" l="125" c="0">
<BEGIN l="125" c="28"/>
<END l="129" c="0"/>
</B>
<B id="258" t="ppcrmif" f="25" l="138" c="0">
<BEGIN l="138" c="24"/>
<END l="146" c="0"/>
</B>
<B id="259" t="ppcelse" f="25" l="146" c="0">
<BEGIN l="146" c="5"/>
<END l="157" c="0"/>
</B>
<B id="260" t="ppcrmif" f="25" l="147" c="0">
<BEGIN l="147" c="16"/>
<END l="149" c="0"/>
</B>
<B id="261" t="ppcelse" f="25" l="149" c="0">
<BEGIN l="149" c="6"/>
<END l="156" c="0"/>
</B>
<B id="262" t="ppcrmif" f="25" l="150" c="0">
<BEGIN l="150" c="61"/>
<END l="152" c="0"/>
</B>
<B id="263" t="ppcelse" f="25" l="152" c="0">
<BEGIN l="152" c="7"/>
<END l="155" c="0"/>
</B>
<B id="264" t="ppcrmif" f="25" l="170" c="0">
<BEGIN l="170" c="37"/>
<END l="189" c="0"/>
</B>
<B id="265" t="ppcif" f="25" l="194" c="0">
<BEGIN l="194" c="37"/>
<END l="196" c="0"/>
</B>
<B id="266" t="ppcrmif" f="25" l="201" c="0">
<BEGIN l="201" c="24"/>
<END l="203" c="0"/>
</B>
<B id="267" t="ppcelse" f="25" l="203" c="0">
<BEGIN l="203" c="5"/>
<END l="205" c="0"/>
</B>
<B id="268" t="ppcrmif" f="25" l="210" c="0">
<BEGIN l="210" c="24"/>
<END l="212" c="0"/>
</B>
<B id="269" t="ppcelse" f="25" l="212" c="0">
<BEGIN l="212" c="5"/>
<END l="214" c="0"/>
</B>
<B id="270" t="ppcrmif" f="25" l="219" c="0">
<BEGIN l="219" c="23"/>
<END l="222" c="0"/>
</B>
<B id="271" t="ppcelse" f="25" l="222" c="0">
<BEGIN l="222" c="5"/>
<END l="225" c="0"/>
</B>
<B id="272" t="ppcrmif" f="25" l="228" c="0">
<BEGIN l="228" c="23"/>
<END l="230" c="0"/>
</B>
<B id="273" t="ppcelse" f="25" l="230" c="0">
<BEGIN l="230" c="5"/>
<END l="232" c="0"/>
</B>
<B id="274" t="ppcrmif" f="25" l="240" c="0">
<BEGIN l="240" c="23"/>
<END l="242" c="0"/>
</B>
<B id="275" t="ppcelse" f="25" l="242" c="0">
<BEGIN l="242" c="5"/>
<END l="244" c="0"/>
</B>
<B id="276" t="ppcrmif" f="25" l="250" c="0">
<BEGIN l="250" c="24"/>
<END l="253" c="0"/>
</B>
<B id="277" t="ppcelse" f="25" l="253" c="0">
<BEGIN l="253" c="5"/>
<END l="255" c="0"/>
</B>
<B id="278" t="ppcrmif" f="25" l="259" c="0">
<BEGIN l="259" c="23"/>
<END l="261" c="0"/>
</B>
<B id="279" t="ppcelse" f="25" l="261" c="0">
<BEGIN l="261" c="5"/>
<END l="263" c="0"/>
</B>
<B id="280" t="ppcif" f="25" l="269" c="0">
<BEGIN l="269" c="24"/>
<END l="271" c="0"/>
</B>
<B id="281" t="ppcif" f="25" l="274" c="0">
<BEGIN l="274" c="25"/>
<END l="276" c="0"/>
</B>
<B id="282" t="ppcrmif" f="25" l="281" c="0">
<BEGIN l="281" c="44"/>
<END l="283" c="0"/>
</B>
<B id="283" t="ppcelse" f="25" l="283" c="0">
<BEGIN l="283" c="5"/>
<END l="294" c="0"/>
</B>
<B id="284" t="ppcrmif" f="25" l="284" c="0">
<BEGIN l="284" c="16"/>
<END l="286" c="0"/>
</B>
<B id="285" t="ppcelse" f="25" l="286" c="0">
<BEGIN l="286" c="6"/>
<END l="293" c="0"/>
</B>
<B id="286" t="ppcrmif" f="25" l="287" c="0">
<BEGIN l="287" c="61"/>
<END l="289" c="0"/>
</B>
<B id="287" t="ppcelse" f="25" l="289" c="0">
<BEGIN l="289" c="7"/>
<END l="292" c="0"/>
</B>
<B id="288" t="ppcrmif" f="26" l="6" c="0">
<BEGIN l="6" c="12"/>
<END l="8" c="0"/>
</B>
<B id="289" t="type" f="6" l="43" c="14">
<BEGIN l="43" c="14"/>
<END l="43" c="50"/>
</B>
<B id="290" t="initializer" f="6" l="52" c="20">
<BEGIN l="52" c="31"/>
<END l="52" c="68"/>
</B>
<B id="291" t="ppcrmif" f="6" l="22" c="0">
<BEGIN l="22" c="15"/>
<END l="24" c="0"/>
</B>
<B id="292" t="ppcrmif" f="6" l="28" c="0">
<BEGIN l="28" c="22"/>
<END l="30" c="0"/>
</B>
<B id="293" t="ppcrmelif" f="6" l="30" c="0">
<BEGIN l="30" c="5"/>
<END l="32" c="0"/>
</B>
<B id="294" t="ppcrmelif" f="6" l="32" c="0">
<BEGIN l="32" c="5"/>
<END l="39" c="0"/>
</B>
<B id="295" t="ppcrmelse" f="6" l="39" c="0">
<BEGIN l="39" c="19"/>
<END l="55" c="0"/>
</B>
<B id="296" t="ppcrmif" f="6" l="45" c="0">
<BEGIN l="45" c="33"/>
<END l="47" c="0"/>
</B>
<B id="297" t="ppcif" f="6" l="48" c="0">
<BEGIN l="48" c="36"/>
<END l="50" c="0"/>
</B>
<B id="298" t="ppcif" f="27" l="19" c="0">
<BEGIN l="19" c="17"/>
<END l="58" c="0"/>
</B>
<B id="299" t="ppcif" f="27" l="41" c="0">
<BEGIN l="41" c="26"/>
<END l="43" c="0"/>
</B>
<B id="300" t="ppcrmif" f="27" l="45" c="0">
<BEGIN l="45" c="16"/>
<END l="50" c="0"/>
</B>
<B id="301" t="ppcif" f="27" l="52" c="0">
<BEGIN l="52" c="35"/>
<END l="54" c="0"/>
</B>
<B id="302" t="ppcrmelif" f="27" l="54" c="0">
<BEGIN l="54" c="5"/>
<END l="56" c="0"/>
</B>
<B id="303" t="ppcrmif" f="28" l="3" c="0">
<BEGIN l="3" c="17"/>
<END l="5" c="0"/>
</B>
<B id="304" t="ppcrmif" f="29" l="19" c="0">
<BEGIN l="19" c="43"/>
<END l="21" c="0"/>
</B>
<B id="305" t="ppcrmif" f="29" l="23" c="0">
<BEGIN l="23" c="71"/>
<END l="48" c="0"/>
</B>
<B id="306" t="ppcrmif" f="30" l="46" c="0">
<BEGIN l="46" c="15"/>
<END l="48" c="0"/>
</B>
<B id="307" t="ppcrmif" f="30" l="80" c="0">
<BEGIN l="80" c="16"/>
<END l="84" c="0"/>
</B>
<B id="308" t="ppcrmif" f="30" l="86" c="0">
<BEGIN l="86" c="78"/>
<END l="95" c="0"/>
</B>
<B id="309" t="ppcrmif" f="30" l="119" c="0">
<BEGIN l="119" c="16"/>
<END l="124" c="0"/>
</B>
<B id="310" t="ppcrmif" f="30" l="126" c="0">
<BEGIN l="126" c="78"/>
<END l="137" c="0"/>
</B>
<B id="311" t="ppcrmif" f="30" l="139" c="0">
<BEGIN l="139" c="19"/>
<END l="147" c="0"/>
</B>
<B id="312" t="ppcrmif" f="30" l="160" c="0">
<BEGIN l="160" c="69"/>
<END l="165" c="0"/>
</B>
<B id="313" t="ppcrmif" f="30" l="167" c="0">
<BEGIN l="167" c="78"/>
<END l="172" c="0"/>
</B>
<B id="314" t="ppcrmif" f="30" l="199" c="0">
<BEGIN l="199" c="17"/>
<END l="213" c="0"/>
</B>
<B id="315" t="ppcrmif" f="30" l="215" c="0">
<BEGIN l="215" c="46"/>
<END l="220" c="0"/>
</B>
<B id="316" t="ppcrmif" f="30" l="222" c="0">
<BEGIN l="222" c="19"/>
<END l="227" c="0"/>
</B>
<B id="317" t="ppcrmif" f="30" l="233" c="0">
<BEGIN l="233" c="45"/>
<END l="244" c="0"/>
</B>
<B id="318" t="ppcrmif" f="30" l="247" c="0">
<BEGIN l="247" c="69"/>
<END l="254" c="0"/>
</B>
<B id="319" t="ppcrmif" f="30" l="256" c="0">
<BEGIN l="256" c="19"/>
<END l="261" c="0"/>
</B>
<B id="320" t="ppcrmif" f="30" l="263" c="0">
<BEGIN l="263" c="45"/>
<END l="266" c="0"/>
</B>
<B id="321" t="ppcrmif" f="30" l="268" c="0">
<BEGIN l="268" c="17"/>
<END l="273" c="0"/>
</B>
<B id="322" t="ppcrmif" f="30" l="276" c="0">
<BEGIN l="276" c="78"/>
<END l="298" c="0"/>
</B>
<B id="323" t="ppcrmif" f="30" l="300" c="0">
<BEGIN l="300" c="19"/>
<END l="356" c="0"/>
</B>
<B id="324" t="ppcrmif" f="30" l="358" c="0">
<BEGIN l="358" c="78"/>
<END l="360" c="0"/>
</B>
<B id="325" t="ppcrmif" f="30" l="362" c="0">
<BEGIN l="362" c="54"/>
<END l="365" c="0"/>
</B>
<B id="326" t="ppcif" f="13" l="17" c="0">
<BEGIN l="17" c="17"/>
<END l="459" c="0"/>
</B>
<B id="327" t="routine" f="13" l="57" c="6">
<BEGIN l="60" c="0"/>
<END l="70" c="0"/>
</B>
<B id="328" t="routine" f="13" l="82" c="9">
<BEGIN l="84" c="0"/>
<END l="88" c="0"/>
</B>
<B id="329" t="routine" f="13" l="98" c="9">
<BEGIN l="101" c="0"/>
<END l="106" c="0"/>
</B>
<B id="330" t="type" f="7" l="23" c="15">
<BEGIN l="23" c="15"/>
<END l="29" c="0"/>
</B>
<B id="331" t="type" f="7" l="31" c="15">
<BEGIN l="31" c="15"/>
<END l="36" c="0"/>
</B>
<B id="332" t="type" f="7" l="40" c="15">
<BEGIN l="40" c="15"/>
<END l="43" c="0"/>
</B>
<B id="333" t="type" f="7" l="45" c="15">
<BEGIN l="45" c="15"/>
<END l="48" c="0"/>
</B>
<B id="334" t="ppcif" f="7" l="17" c="0">
<BEGIN l="17" c="22"/>
<END l="50" c="0"/>
</B>
<B id="335" t="ppcif" f="14" l="19" c="0">
<BEGIN l="19" c="23"/>
<END l="48" c="0"/>
</B>
<B id="336" t="ppcif" f="31" l="18" c="0">
<BEGIN l="18" c="17"/>
<END l="167" c="0"/>
</B>
<B id="337" t="ppcif" f="8" l="18" c="0">
<BEGIN l="18" c="17"/>
<END l="2558" c="0"/>
</B>
<B id="338" t="ppcif" f="32" l="3" c="0">
<BEGIN l="3" c="19"/>
<END l="68" c="0"/>
</B>
</Blocks>
</Navig>
