<?xml version="1.0" encoding="UTF-8"?>

<project name="Polyspace" files="1" includes="30" ap_cg_cycle="0" ap_cg_direct_cycle="0" pshv="0" unpshv="0">
<file name="C:\SynergyWorkspace\WorkingProjects\TrqArblim-1.4\TrqArblim\src\Ap_TrqArblim.c" total_lines="556" lines_without_cmt="217" comf="20" fco="8">
<function name="TrqArblim_Per1" path="4096" goto="0" vg="35" calling="0" calls="5" param="0" stmt="82" level="1" return="0" vocf="11.9" flin="249" fxln="102" ncalls="8">
</function>
<function name="TrqArblim_Init" path="1" goto="0" vg="1" calling="0" calls="1" param="0" stmt="2" level="1" return="0" vocf="2.6" flin="10" fxln="1" ncalls="1">
</function>
<function name="NF_FullUpdate_f32" path="1" goto="0" vg="1" calling="0" calls="2" param="3" stmt="3" level="1" return="1" vocf="2.0" flin="0" fxln="0" ncalls="2">
</function>
<function name="NF_OpUpdate_f32" path="1" goto="0" vg="1" calling="1" calls="0" param="2" stmt="2" level="1" return="1" vocf="1.9" flin="0" fxln="0" ncalls="0">
</function>
<function name="NF_SvUpdate_f32" path="1" goto="0" vg="1" calling="1" calls="0" param="3" stmt="4" level="1" return="1" vocf="4.2" flin="0" fxln="0" ncalls="0">
</function>
<function name="Blend_f32" path="1" goto="0" vg="1" calling="0" calls="0" param="3" stmt="1" level="1" return="1" vocf="2.9" flin="0" fxln="0" ncalls="0">
</function>
</file>
</project>
