<?xml version="1.0" encoding="UTF-8"?>
<MISRA-C-Report-Summary>
<File Mode="required" Error="0" Warning="22" Total="22">
<Name>
C:\SynergyWorkspace\WorkingProjects\TrqArblim-1.4\TrqArblim\src\Ap_TrqArblim.c</Name>
</File>
<Rule Name="8.7" Count="7" Mode="required" Severity="warning">
<Message>
Objects shall be defined at block scope if they are only accessed from</Message>
</Rule>
<Rule Name="8.10" Count="4" Mode="required" Severity="warning">
<Message>
</Message>
</Rule>
<Rule Name="10.1" Count="3" Mode="required" Severity="warning">
<Message>
</Message>
</Rule>
<Rule Name="8.1" Count="3" Mode="required" Severity="warning">
<Message>
</Message>
</Rule>
<Rule Name="10.4" Count="2" Mode="required" Severity="warning">
<Message>
Complex expression of 'float' type may only be cast to narrower floating type,</Message>
</Rule>
<Rule Name="5.1" Count="2" Mode="required" Severity="warning">
<Message>
</Message>
</Rule>
<Rule Name="10.2" Count="1" Mode="required" Severity="warning">
<Message>
Implicit conversion of complex floating expression from 'float' to 'double'.</Message>
</Rule>
</MISRA-C-Report-Summary>
