<?xml version="1.0" encoding="UTF-8"?>
<MISRA-C-Report-Summary>
<File Mode="required" Error="0" Warning="12" Total="12">
<Name>
C:\Synergy_EA3\working\GMStrtStop\src\Ap_GMStrtStop.c</Name>
</File>
<Rule Name="8.10" Count="3" Mode="required" Severity="warning">
<Message>
</Message>
</Rule>
<Rule Name="8.7" Count="3" Mode="required" Severity="warning">
<Message>
Objects shall be defined at block scope if they are only accessed from</Message>
</Rule>
<Rule Name="10.1" Count="2" Mode="required" Severity="warning">
<Message>
Implicit conversion of the expression of underlying type 'signed int' to the</Message>
</Rule>
<Rule Name="8.1" Count="2" Mode="required" Severity="warning">
<Message>
Function 'fabsf' has no complete visible prototype at call.</Message>
</Rule>
<Rule Name="10.2" Count="1" Mode="required" Severity="warning">
<Message>
Implicit conversion of complex floating expression from 'float' to 'double'.</Message>
</Rule>
<Rule Name="5.1" Count="1" Mode="required" Severity="warning">
<Message>
Identifiers "STRTSTOP_START_SEC_VAR_CLEARED_32" (Ap_GMStrtStop.c line 74 column  ...</Message>
</Rule>
</MISRA-C-Report-Summary>
