<?xml version="1.0" encoding="UTF-8"?>
<Navig version="1.0">
<Files>
<F id="1" n="C:\Program Files\MATLAB\R2013b\polyspace\verifier\cxx\cinclude\stdarg.h"/>
<F id="2" n="C:\Synergy_EA3\working\StdDef\include\Platform_Types.h"/>
<F id="3" n="C:\Synergy_EA3\working\StdDef\include\Std_Types.h"/>
<F id="4" n="C:\Synergy_EA3\working\GMStrtStop\tools\contract\Ap_GMStrtStop\Rte_Type.h"/>
<F id="5" n="C:\Synergy_EA3\working\GMStrtStop\tools\contract\Ap_GMStrtStop\Rte_Ap_GMStrtStop.h"/>
<F id="6" n="C:\Program Files\MATLAB\R2013b\polyspace\verifier\cxx\include\include-libc\bits\huge_val.h"/>
<F id="7" n="C:\Synergy_EA3\working\GMStrtStop\tools\contract\CalConstants.h"/>
<F id="8" n="C:\Synergy_EA3\working\GMStrtStop\src\Ap_GMStrtStop.c"/>
<F id="9" n="C:\Synergy_EA3\working\NxtrLib\include\GlobalMacro.h"/>
<F id="10" n="C:\Synergy_EA3\working\NxtrLib\include\SystemTime.h"/>
<F id="11" n="C-STUBS\__polyspace__stdstubs.c"/>
<F id="12" n="C:\Program Files\MATLAB\R2013b\polyspace\verifier\cxx\cinclude\__polyspace__std_decls.h"/>
<F id="13" n="C:\Program Files\MATLAB\R2013b\polyspace\verifier\cxx\cinclude\assert.h"/>
<F id="14" n="C:\Program Files\MATLAB\R2013b\polyspace\verifier\cxx\cinclude\__polyspace__libc_defs.h"/>
<F id="15" n="C:\Synergy_EA3\working\GMStrtStop\tools\contract\Ap_GMStrtStop\Rte.h"/>
<F id="16" n="C:\Synergy_EA3\working\StdDef\include\Compiler.h"/>
<F id="17" n="C:\Synergy_EA3\working\GMStrtStop\tools\contract\Compiler_Cfg.h"/>
<F id="18" n="C:\Synergy_EA3\working\GMStrtStop\tools\contract\MemMap.h"/>
<F id="19" n="C:\Program Files\MATLAB\R2013b\polyspace\verifier\cxx\include\include-libc\math.h"/>
<F id="20" n="C:\Program Files\MATLAB\R2013b\polyspace\verifier\cxx\include\include-libc\features.h"/>
<F id="21" n="C:\Program Files\MATLAB\R2013b\polyspace\verifier\cxx\include\include-libc\sys\cdefs.h"/>
<F id="22" n="C:\Program Files\MATLAB\R2013b\polyspace\verifier\cxx\include\include-libc\gnu\stubs.h"/>
<F id="23" n="C:\Program Files\MATLAB\R2013b\polyspace\verifier\cxx\include\include-libc\endian.h"/>
<F id="24" n="C:\Program Files\MATLAB\R2013b\polyspace\verifier\cxx\include\include-libc\bits\endian.h"/>
<F id="25" n="C:\Program Files\MATLAB\R2013b\polyspace\verifier\cxx\include\include-libc\bits\mathdef.h"/>
<F id="26" n="C:\Program Files\MATLAB\R2013b\polyspace\verifier\cxx\include\include-libc\bits\mathcalls.h"/>
</Files>
<Definitions>
<D id="1" f="11" l="500" c="25" n="random" t="4" d="1"/>
<D id="2" f="11" l="490" c="13" n="_polyspace_random_int" t="5" d="1"/>
<D id="3" f="11" l="506" c="23" n="_polyspace_random_ulong" t="5" d="1"/>
<D id="4" f="11" l="513" c="16" n="_polyspace_random_double" t="5" d="1"/>
<D id="5" f="11" l="3560" c="4" n="__polyspace_nb_varargs" t="1" d="1"/>
<D id="6" f="11" l="482" c="23" n="_polyspace_random_uchar" t="5" d="1"/>
<D id="7" f="11" l="474" c="14" n="_polyspace_random_char" t="5" d="1"/>
<D id="8" f="11" l="492" c="24" n="random" t="4" d="1"/>
<D id="9" f="11" l="508" c="34" n="random" t="4" d="1"/>
<D id="10" f="11" l="515" c="27" n="random" t="4" d="1"/>
<D id="11" f="11" l="484" c="34" n="random" t="4" d="1"/>
<D id="12" f="11" l="476" c="25" n="random" t="4" d="1"/>
<D id="13" f="11" l="498" c="14" n="_polyspace_random_long" t="5" d="1"/>
<D id="14" f="11" l="3559" c="7" n="__polyspace_vararg" t="1" d="1"/>
<D id="15" f="11" l="6905" c="14" n="_polyspace_compare_function_type" t="7" d="1"/>
<D id="16" f="11" l="11365" c="21" n="HUGE_VAL" t="1" d="1"/>
<D id="17" f="11" l="11347" c="12" n="_polyspace_random_long_double" t="2" d="1"/>
<D id="18" f="11" l="11366" c="21" n="HUGE_VALF" t="1" d="1"/>
<D id="19" f="11" l="11367" c="21" n="HUGE_VALL" t="1" d="1"/>
<D id="20" f="11" l="12209" c="16" n="__polyspace_absolute_address" t="1" d="1"/>
<D id="21" f="11" l="11349" c="23" n="random" t="4" d="1"/>
<D id="22" f="7" l="50" c="20" n="k_StopMode1Timer_Sec_u16" t="1" d="0"/>
<D id="23" f="7" l="40" c="21" n="k_Mode1EngTransThresh_Rpm_f32" t="1" d="0"/>
<D id="24" f="7" l="51" c="20" n="k_StopMode2Timer_Sec_u16" t="1" d="0"/>
<D id="25" f="7" l="31" c="21" n="k_StopMode1VehSpdTransThres_Kph_f32" t="1" d="0"/>
<D id="26" f="6" l="52" c="20" n="__huge_val" t="3" d="1"/>
<D id="27" f="7" l="41" c="21" n="k_Mode1VehSpdTransThresh_Kph_f32" t="1" d="0"/>
<D id="28" f="7" l="32" c="21" n="k_StopMode1HwTrqTransThresh_HwNm_f32" t="1" d="0"/>
<D id="29" f="7" l="42" c="21" n="k_Mode1AssistDD_Uls_f32" t="1" d="0"/>
<D id="30" f="7" l="33" c="21" n="k_StopMode1HwVelTransThresh_HwDegpS_f32" t="1" d="0"/>
<D id="31" f="6" l="43" c="30" n="__c" t="9" d="1"/>
<D id="32" f="8" l="70" c="21" n="StrtStop_StOpModePrevPrev_Cnt_M_enum" t="3" d="1"/>
<D id="33" f="7" l="52" c="21" n="k_FltRspRampDnRt_UlspS_f32" t="1" d="0"/>
<D id="34" f="9" l="38" c="9" n="Blend_f32" t="2" d="1"/>
<D id="35" f="4" l="270" c="2" n="Rte_DE_Float" t="7" d="1"/>
<D id="36" f="7" l="43" c="21" n="k_Mode1AssistSlew_UlspS_f32" t="1" d="0"/>
<D id="37" f="7" l="34" c="21" n="k_NormalModeEngTransThresh_Rpm_f32" t="1" d="0"/>
<D id="38" f="7" l="53" c="21" n="k_AlgEnable_Cnt_lgc" t="1" d="0"/>
<D id="39" f="4" l="280" c="2" n="Rte_DE_SS_State_enum" t="7" d="1"/>
<D id="40" f="7" l="44" c="21" n="k_Mode2AssistDD_Uls_f32" t="1" d="0"/>
<D id="41" f="7" l="35" c="21" n="k_StopMode2VehSpdTransThresh_Kph_f32" t="1" d="0"/>
<D id="42" f="3" l="117" c="2" n="Std_VersionInfoType" t="7" d="1"/>
<D id="43" f="7" l="45" c="21" n="k_Mode2AssistSlew_UlspS_f32" t="1" d="0"/>
<D id="44" f="7" l="36" c="21" n="k_StopMode2HwTrqTransThresh_HwNm_f32" t="1" d="0"/>
<D id="45" f="4" l="43" c="14" n="APA_State_enum" t="7" d="1"/>
<D id="46" f="7" l="46" c="21" n="k_StopModeAssistDD_Uls_f32" t="1" d="0"/>
<D id="47" f="7" l="37" c="21" n="k_StopMode2HwVelTransThresh_HwDegpS_f32" t="1" d="0"/>
<D id="48" f="7" l="47" c="21" n="k_StopMode1AssistSlew_UlspS_f32" t="1" d="0"/>
<D id="49" f="1" l="45" c="14" n="__va_list" t="7" d="1"/>
<D id="50" f="7" l="38" c="21" n="k_NormalModeVehSpdTransThresh_Kph_f32" t="1" d="0"/>
<D id="51" f="7" l="48" c="21" n="k_StopMode2AssistSlew_UlspS_f32" t="1" d="0"/>
<D id="52" f="4" l="265" c="2" n="Rte_DE_APA_State_enum" t="7" d="1"/>
<D id="53" f="7" l="39" c="21" n="k_Mode2VehSpdTransThresh_Kph_f32" t="1" d="0"/>
<D id="54" f="5" l="41" c="44" n="Rte_Instance" t="7" d="1"/>
<D id="55" f="6" l="43" c="52" n="__huge_val_t" t="7" d="1"/>
<D id="56" f="7" l="49" c="21" n="k_NormalModeAssistSlew_UlspS_f32" t="1" d="0"/>
<D id="57" f="4" l="275" c="2" n="Rte_DE_Boolean" t="7" d="1"/>
<D id="58" f="8" l="224" c="5" n="StrtStop_Per1" t="2" d="1"/>
<D id="59" f="8" l="68" c="21" n="StrtStop_StOpMode_Cnt_M_enum" t="3" d="1"/>
<D id="60" f="1" l="50" c="18" n="__gnuc_va_list" t="7" d="1"/>
<D id="61" f="4" l="35" c="16" n="Boolean" t="7" d="1"/>
<D id="62" f="8" l="69" c="21" n="StrtStop_StOpModePrev_Cnt_M_enum" t="3" d="1"/>
<D id="63" f="8" l="76" c="14" n="StrtStop_StopModeTimer1_mS_M_u32" t="3" d="1"/>
<D id="64" f="8" l="164" c="5" n="StrtStop_Init1" t="2" d="1"/>
<D id="65" f="6" l="43" c="45" n="__d" t="9" d="1"/>
<D id="66" f="8" l="77" c="14" n="StrtStop_StopModeTimer2_mS_M_u32" t="3" d="1"/>
<D id="67" f="4" l="38" c="16" n="Float" t="7" d="1"/>
<D id="68" f="4" l="88" c="14" n="SS_State_enum" t="7" d="1"/>
<D id="69" f="8" l="78" c="15" n="StrtStop_SSSlewRatePrev_UlspS_M_f32" t="3" d="1"/>
<D id="70" f="8" l="79" c="15" n="StrtStop_SSScale_Uls_M_f32" t="3" d="1"/>
<D id="71" f="1" l="49" c="18" n="va_list" t="7" d="1"/>
<D id="72" f="9" l="38" c="27" n="In1_Uls_T_f32" t="4" d="1"/>
<D id="73" f="4" l="287" c="7" n="Rte_CDS_Ap_GMStrtStop" t="6" d="1"/>
<D id="74" f="9" l="40" c="97" n="Factor_Uls_T_f32" t="4" d="1"/>
<D id="75" f="4" l="269" c="8" n="value" t="9" d="1"/>
<D id="76" f="9" l="39" c="97" n="In2_Uls_T_f32" t="4" d="1"/>
<D id="77" f="3" l="111" c="10" n="vendorID" t="9" d="1"/>
<D id="78" f="3" l="112" c="10" n="moduleID" t="9" d="1"/>
<D id="79" f="3" l="113" c="10" n="instanceID" t="9" d="1"/>
<D id="80" f="3" l="100" c="22" n="StatusType" t="7" d="1"/>
<D id="81" f="3" l="114" c="10" n="sw_major_version" t="9" d="1"/>
<D id="82" f="3" l="115" c="10" n="sw_minor_version" t="9" d="1"/>
<D id="83" f="3" l="116" c="10" n="sw_patch_version" t="9" d="1"/>
<D id="84" f="10" l="25" c="12" n="DtrmnElapsedTime_mS_u32" t="2" d="0"/>
<D id="85" f="4" l="274" c="10" n="value" t="9" d="1"/>
<D id="86" f="4" l="305" c="49" n="Rte_Inst_Ap_GMStrtStop" t="1" d="0"/>
<D id="87" f="10" l="27" c="12" n="GetSystemTime_mS_u32" t="2" d="0"/>
<D id="88" f="8" l="230" c="14" n="APAState_State_T_enum" t="4" d="1"/>
<D id="89" f="11" l="80" c="23" n="size_t" t="7" d="1"/>
<D id="90" f="8" l="550" c="13" n="PreviousStCalc" t="5" d="1"/>
<D id="91" f="11" l="85" c="21" n="wchar_t" t="7" d="1"/>
<D id="92" f="3" l="107" c="14" n="Std_ReturnType" t="7" d="1"/>
<D id="93" f="4" l="162" c="14" n="SInt4" t="7" d="1"/>
<D id="94" f="11" l="82" c="14" n="ptrdiff_t" t="7" d="1"/>
<D id="95" f="4" l="152" c="15" n="SInt16" t="7" d="1"/>
<D id="96" f="8" l="240" c="16" n="SSSlewRate_UlspS_T_f32" t="4" d="1"/>
<D id="97" f="8" l="242" c="15" n="ElapsedTime1_mS_T_u32" t="4" d="1"/>
<D id="98" f="4" l="182" c="14" n="UInt4" t="7" d="1"/>
<D id="99" f="2" l="120" c="28" n="uint64" t="7" d="1"/>
<D id="100" f="8" l="440" c="16" n="SlewRateCalc" t="5" d="1"/>
<D id="101" f="8" l="232" c="16" n="SS12VFault_Cnt_T_lgc" t="4" d="1"/>
<D id="102" f="2" l="111" c="28" n="boolean" t="7" d="1"/>
<D id="103" f="4" l="172" c="15" n="UInt16" t="7" d="1"/>
<D id="104" f="8" l="243" c="15" n="ElapsedTime2_mS_T_u32" t="4" d="1"/>
<D id="105" f="4" l="290" c="25" n="StrtStop_Per1_APAState_State_enum" t="9" d="1"/>
<D id="106" f="2" l="122" c="28" n="uint8_least" t="7" d="1"/>
<D id="107" f="8" l="234" c="16" n="VehicleSpeed_Kph_T_f32" t="4" d="1"/>
<D id="108" f="2" l="113" c="28" n="sint8" t="7" d="1"/>
<D id="109" f="2" l="132" c="28" n="float32" t="7" d="1"/>
<D id="110" f="4" l="167" c="14" n="SInt8" t="7" d="1"/>
<D id="111" f="2" l="123" c="28" n="uint16_least" t="7" d="1"/>
<D id="112" f="4" l="291" c="16" n="StrtStop_Per1_EngSpd_Rpm_f32" t="9" d="1"/>
<D id="113" f="8" l="235" c="16" n="EngSpd_Rpm_T_f32" t="4" d="1"/>
<D id="114" f="2" l="114" c="28" n="uint8" t="7" d="1"/>
<D id="115" f="11" l="456" c="4" n="errno" t="1" d="1"/>
<D id="116" f="4" l="157" c="15" n="SInt32" t="7" d="1"/>
<D id="117" f="2" l="133" c="28" n="float64" t="7" d="1"/>
<D id="118" f="2" l="124" c="28" n="uint32_least" t="7" d="1"/>
<D id="119" f="4" l="292" c="16" n="StrtStop_Per1_HandwheelVelocity_HwRadpS_f32" t="9" d="1"/>
<D id="120" f="8" l="236" c="16" n="HwTorque_HwNm_T_f32" t="4" d="1"/>
<D id="121" f="8" l="444" c="16" n="SSSlewRate_UlspS_T_f32" t="4" d="1"/>
<D id="122" f="2" l="115" c="28" n="sint16" t="7" d="1"/>
<D id="123" f="4" l="147" c="16" n="Double" t="7" d="1"/>
<D id="124" f="4" l="187" c="14" n="UInt8" t="7" d="1"/>
<D id="125" f="2" l="125" c="28" n="uint64_least" t="7" d="1"/>
<D id="126" f="4" l="293" c="16" n="StrtStop_Per1_HwTorque_HwNm_f32" t="9" d="1"/>
<D id="127" f="8" l="237" c="16" n="AbsHwTorque_HwNm_T_f32" t="4" d="1"/>
<D id="128" f="2" l="116" c="28" n="uint16" t="7" d="1"/>
<D id="129" f="4" l="177" c="15" n="UInt32" t="7" d="1"/>
<D id="130" f="4" l="197" c="14" n="Rte_ModeType_StaMd_Mode" t="7" d="1"/>
<D id="131" f="4" l="264" c="17" n="value" t="9" d="1"/>
<D id="132" f="2" l="126" c="28" n="sint8_least" t="7" d="1"/>
<D id="133" f="8" l="238" c="16" n="HandwheelVelocity_HwRadpS_T_f32" t="4" d="1"/>
<D id="134" f="2" l="117" c="28" n="sint32" t="7" d="1"/>
<D id="135" f="2" l="127" c="28" n="sint16_least" t="7" d="1"/>
<D id="136" f="4" l="295" c="16" n="StrtStop_Per1_SSScale_Uls_f32" t="9" d="1"/>
<D id="137" f="8" l="239" c="16" n="AbsHandwheelVelocity_HwDegpS_T_f32" t="4" d="1"/>
<D id="138" f="2" l="118" c="28" n="uint32" t="7" d="1"/>
<D id="139" f="4" l="297" c="24" n="StrtStop_Per1_SSState_State_enum" t="9" d="1"/>
<D id="140" f="2" l="128" c="28" n="sint32_least" t="7" d="1"/>
<D id="141" f="4" l="296" c="16" n="StrtStop_Per1_SSSlew_UlspS_f32" t="9" d="1"/>
<D id="142" f="2" l="119" c="28" n="sint64" t="7" d="1"/>
<D id="143" f="2" l="129" c="28" n="sint64_least" t="7" d="1"/>
<D id="144" f="4" l="294" c="18" n="StrtStop_Per1_SS12VFault_Cnt_lgc" t="9" d="1"/>
<D id="145" f="4" l="279" c="16" n="value" t="9" d="1"/>
<D id="146" f="4" l="298" c="16" n="StrtStop_Per1_VehicleSpeed_Kph_f32" t="9" d="1"/>
<D id="147" f="8" l="255" c="58" n="fabsf" t="2" d="0"/>
</Definitions>
<Uses>
<U id="1" f="8" l="302" c="99" d="97" a="1"/>
<U id="2" f="11" l="501" c="11" d="1" a="0"/>
<U id="3" f="8" l="353" c="99" d="104" a="1"/>
<U id="4" f="8" l="252" c="119" d="75" a="0"/>
<U id="5" f="8" l="313" c="129" d="67" a="0"/>
<U id="6" f="8" l="313" c="120" d="138" a="0"/>
<U id="7" f="11" l="516" c="11" d="10" a="0"/>
<U id="8" f="8" l="365" c="129" d="67" a="0"/>
<U id="9" f="8" l="365" c="120" d="138" a="0"/>
<U id="10" f="11" l="509" c="11" d="9" a="0"/>
<U id="11" f="8" l="250" c="124" d="75" a="0"/>
<U id="12" f="11" l="493" c="11" d="8" a="0"/>
<U id="13" f="8" l="249" c="120" d="75" a="0"/>
<U id="14" f="8" l="415" c="132" d="70" a="0"/>
<U id="15" f="11" l="485" c="11" d="11" a="0"/>
<U id="16" f="8" l="248" c="121" d="75" a="0"/>
<U id="17" f="11" l="477" c="11" d="12" a="0"/>
<U id="18" f="8" l="416" c="133" d="96" a="0"/>
<U id="19" f="8" l="251" c="117" d="85" a="0"/>
<U id="20" f="8" l="416" c="180" d="96" a="0"/>
<U id="21" f="8" l="415" c="183" d="70" a="0"/>
<U id="22" f="8" l="247" c="118" d="131" a="0"/>
<U id="23" f="5" l="65" c="0" d="130" a="0"/>
<U id="24" f="9" l="38" c="1" d="109" a="0"/>
<U id="25" f="1" l="50" c="8" d="49" a="0"/>
<U id="26" f="6" l="52" c="7" d="55" a="0"/>
<U id="27" f="8" l="70" c="7" d="68" a="0"/>
<U id="28" f="4" l="43" c="8" d="114" a="0"/>
<U id="29" f="4" l="35" c="8" d="102" a="0"/>
<U id="30" f="1" l="84" c="7" d="71" a="0"/>
<U id="31" f="4" l="38" c="8" d="109" a="0"/>
<U id="32" f="8" l="76" c="7" d="138" a="0"/>
<U id="33" f="1" l="49" c="8" d="49" a="0"/>
<U id="34" f="8" l="77" c="7" d="138" a="0"/>
<U id="35" f="8" l="68" c="7" d="68" a="0"/>
<U id="36" f="8" l="78" c="7" d="109" a="0"/>
<U id="37" f="8" l="69" c="7" d="68" a="0"/>
<U id="38" f="8" l="79" c="7" d="109" a="0"/>
<U id="39" f="4" l="88" c="8" d="114" a="0"/>
<U id="40" f="11" l="11350" c="9" d="21" a="0"/>
<U id="41" f="3" l="111" c="3" d="128" a="0"/>
<U id="42" f="3" l="112" c="3" d="128" a="0"/>
<U id="43" f="5" l="41" c="21" d="73" a="0"/>
<U id="44" f="3" l="113" c="3" d="114" a="0"/>
<U id="45" f="7" l="40" c="13" d="109" a="0"/>
<U id="46" f="7" l="31" c="13" d="109" a="0"/>
<U id="47" f="3" l="114" c="3" d="114" a="0"/>
<U id="48" f="7" l="50" c="13" d="128" a="0"/>
<U id="49" f="7" l="41" c="13" d="109" a="0"/>
<U id="50" f="7" l="32" c="13" d="109" a="0"/>
<U id="51" f="7" l="51" c="13" d="128" a="0"/>
<U id="52" f="3" l="115" c="3" d="114" a="0"/>
<U id="53" f="7" l="42" c="13" d="109" a="0"/>
<U id="54" f="7" l="33" c="13" d="109" a="0"/>
<U id="55" f="9" l="38" c="19" d="109" a="0"/>
<U id="56" f="9" l="42" c="13" d="72" a="0"/>
<U id="57" f="7" l="52" c="13" d="109" a="0"/>
<U id="58" f="4" l="290" c="2" d="52" a="0"/>
<U id="59" f="7" l="43" c="13" d="109" a="0"/>
<U id="60" f="1" l="84" c="39" d="71" a="0"/>
<U id="61" f="3" l="116" c="3" d="114" a="0"/>
<U id="62" f="7" l="34" c="13" d="109" a="0"/>
<U id="63" f="7" l="53" c="13" d="102" a="0"/>
<U id="64" f="7" l="44" c="13" d="109" a="0"/>
<U id="65" f="4" l="291" c="2" d="35" a="0"/>
<U id="66" f="7" l="35" c="13" d="109" a="0"/>
<U id="67" f="4" l="264" c="2" d="45" a="0"/>
<U id="68" f="7" l="45" c="13" d="109" a="0"/>
<U id="69" f="7" l="36" c="13" d="109" a="0"/>
<U id="70" f="4" l="292" c="2" d="35" a="0"/>
<U id="71" f="9" l="40" c="89" d="109" a="0"/>
<U id="72" f="4" l="274" c="2" d="61" a="0"/>
<U id="73" f="7" l="46" c="13" d="109" a="0"/>
<U id="74" f="7" l="37" c="13" d="109" a="0"/>
<U id="75" f="4" l="293" c="2" d="35" a="0"/>
<U id="76" f="7" l="47" c="13" d="109" a="0"/>
<U id="77" f="7" l="38" c="13" d="109" a="0"/>
<U id="78" f="4" l="294" c="2" d="57" a="0"/>
<U id="79" f="7" l="48" c="13" d="109" a="0"/>
<U id="80" f="8" l="410" c="8" d="69" a="1"/>
<U id="81" f="7" l="39" c="13" d="109" a="0"/>
<U id="82" f="8" l="230" c="8" d="114" a="0"/>
<U id="83" f="7" l="49" c="13" d="109" a="0"/>
<U id="84" f="4" l="295" c="2" d="35" a="0"/>
<U id="85" f="8" l="411" c="8" d="32" a="1"/>
<U id="86" f="8" l="240" c="8" d="109" a="0"/>
<U id="87" f="4" l="296" c="2" d="35" a="0"/>
<U id="88" f="8" l="250" c="8" d="120" a="1"/>
<U id="89" f="8" l="412" c="8" d="62" a="1"/>
<U id="90" f="9" l="42" c="36" d="74" a="0"/>
<U id="91" f="8" l="440" c="8" d="109" a="0"/>
<U id="92" f="8" l="232" c="8" d="102" a="0"/>
<U id="93" f="4" l="152" c="8" d="122" a="0"/>
<U id="94" f="4" l="269" c="2" d="67" a="0"/>
<U id="95" f="9" l="42" c="73" d="74" a="0"/>
<U id="96" f="4" l="297" c="2" d="39" a="0"/>
<U id="97" f="8" l="251" c="8" d="101" a="1"/>
<U id="98" f="8" l="242" c="8" d="138" a="0"/>
<U id="99" f="3" l="107" c="8" d="114" a="0"/>
<U id="100" f="4" l="162" c="8" d="108" a="0"/>
<U id="101" f="4" l="279" c="2" d="68" a="0"/>
<U id="102" f="4" l="298" c="2" d="35" a="0"/>
<U id="103" f="8" l="171" c="8" d="70" a="1"/>
<U id="104" f="8" l="252" c="8" d="107" a="1"/>
<U id="105" f="4" l="172" c="8" d="128" a="0"/>
<U id="106" f="8" l="243" c="8" d="138" a="0"/>
<U id="107" f="8" l="234" c="8" d="109" a="0"/>
<U id="108" f="9" l="39" c="89" d="109" a="0"/>
<U id="109" f="4" l="182" c="8" d="114" a="0"/>
<U id="110" f="8" l="235" c="8" d="109" a="0"/>
<U id="111" f="9" l="42" c="57" d="76" a="0"/>
<U id="112" f="8" l="236" c="8" d="109" a="0"/>
<U id="113" f="8" l="444" c="8" d="109" a="0"/>
<U id="114" f="4" l="147" c="8" d="117" a="0"/>
<U id="115" f="8" l="391" c="8" d="90" a="0"/>
<U id="116" f="8" l="255" c="8" d="127" a="1"/>
<U id="117" f="8" l="237" c="8" d="109" a="0"/>
<U id="118" f="4" l="157" c="8" d="134" a="0"/>
<U id="119" f="8" l="256" c="8" d="137" a="1"/>
<U id="120" f="8" l="247" c="8" d="88" a="1"/>
<U id="121" f="4" l="167" c="8" d="108" a="0"/>
<U id="122" f="8" l="238" c="8" d="109" a="0"/>
<U id="123" f="4" l="177" c="8" d="138" a="0"/>
<U id="124" f="8" l="248" c="8" d="113" a="1"/>
<U id="125" f="8" l="239" c="8" d="109" a="0"/>
<U id="126" f="4" l="187" c="8" d="114" a="0"/>
<U id="127" f="8" l="249" c="8" d="133" a="1"/>
<U id="128" f="4" l="197" c="8" d="114" a="0"/>
<U id="129" f="8" l="395" c="8" d="96" a="1"/>
<U id="130" f="8" l="401" c="11" d="88" a="0"/>
<U id="131" f="4" l="305" c="20" d="73" a="0"/>
<U id="132" f="8" l="302" c="40" d="84" a="0"/>
<U id="133" f="8" l="415" c="10" d="86" a="0"/>
<U id="134" f="8" l="261" c="11" d="38" a="0"/>
<U id="135" f="8" l="410" c="50" d="96" a="0"/>
<U id="136" f="8" l="311" c="59" d="137" a="0"/>
<U id="137" f="8" l="416" c="10" d="86" a="0"/>
<U id="138" f="8" l="310" c="51" d="107" a="0"/>
<U id="139" f="8" l="411" c="50" d="62" a="0"/>
<U id="140" f="8" l="510" c="32" d="121" a="1"/>
<U id="141" f="8" l="312" c="59" d="127" a="0"/>
<U id="142" f="8" l="272" c="20" d="101" a="0"/>
<U id="143" f="8" l="417" c="10" d="86" a="0"/>
<U id="144" f="8" l="313" c="59" d="97" a="0"/>
<U id="145" f="8" l="450" c="22" d="68" a="0"/>
<U id="146" f="8" l="251" c="59" d="86" a="0"/>
<U id="147" f="8" l="553" c="11" d="59" a="0"/>
<U id="148" f="8" l="512" c="32" d="59" a="0"/>
<U id="149" f="8" l="252" c="59" d="86" a="0"/>
<U id="150" f="8" l="505" c="22" d="68" a="0"/>
<U id="151" f="8" l="353" c="40" d="84" a="0"/>
<U id="152" f="8" l="405" c="50" d="69" a="0"/>
<U id="153" f="8" l="524" c="22" d="68" a="0"/>
<U id="154" f="10" l="26" c="33" d="138" a="0"/>
<U id="155" f="8" l="404" c="51" d="67" a="0"/>
<U id="156" f="8" l="470" c="32" d="121" a="1"/>
<U id="157" f="10" l="22" c="36" d="138" a="0"/>
<U id="158" f="8" l="336" c="49" d="107" a="0"/>
<U id="159" f="10" l="27" c="33" d="138" a="0"/>
<U id="160" f="8" l="330" c="44" d="113" a="0"/>
<U id="161" f="8" l="515" c="32" d="121" a="1"/>
<U id="162" f="8" l="363" c="59" d="137" a="0"/>
<U id="163" f="10" l="23" c="36" d="138" a="0"/>
<U id="164" f="8" l="264" c="59" d="67" a="0"/>
<U id="165" f="8" l="452" c="60" d="68" a="0"/>
<U id="166" f="8" l="282" c="32" d="59" a="0"/>
<U id="167" f="8" l="490" c="32" d="121" a="1"/>
<U id="168" f="8" l="527" c="49" d="33" a="0"/>
<U id="169" f="8" l="362" c="51" d="107" a="0"/>
<U id="170" f="8" l="330" c="63" d="37" a="0"/>
<U id="171" f="8" l="364" c="59" d="127" a="0"/>
<U id="172" f="8" l="404" c="16" d="70" a="1"/>
<U id="173" f="8" l="472" c="32" d="59" a="0"/>
<U id="174" f="10" l="24" c="36" d="138" a="0"/>
<U id="175" f="8" l="171" c="43" d="67" a="0"/>
<U id="176" f="8" l="263" c="51" d="68" a="0"/>
<U id="177" f="8" l="340" c="90" d="40" a="0"/>
<U id="178" f="8" l="304" c="44" d="113" a="0"/>
<U id="179" f="8" l="247" c="59" d="86" a="0"/>
<U id="180" f="8" l="256" c="50" d="147" a="0"/>
<U id="181" f="8" l="465" c="22" d="68" a="0"/>
<U id="182" f="10" l="22" c="56" d="128" a="0"/>
<U id="183" f="8" l="365" c="59" d="104" a="0"/>
<U id="184" f="8" l="405" c="16" d="96" a="1"/>
<U id="185" f="8" l="444" c="42" d="67" a="0"/>
<U id="186" f="8" l="507" c="60" d="68" a="0"/>
<U id="187" f="10" l="25" c="36" d="138" a="0"/>
<U id="188" f="8" l="302" c="64" d="63" a="0"/>
<U id="189" f="8" l="300" c="38" d="68" a="0"/>
<U id="190" f="8" l="356" c="50" d="113" a="0"/>
<U id="191" f="8" l="415" c="34" d="136" a="0"/>
<U id="192" f="8" l="416" c="79" d="96" a="0"/>
<U id="193" f="8" l="455" c="32" d="121" a="1"/>
<U id="194" f="8" l="304" c="63" d="37" a="0"/>
<U id="195" f="8" l="492" c="32" d="59" a="0"/>
<U id="196" f="8" l="261" c="35" d="102" a="0"/>
<U id="197" f="8" l="291" c="70" d="63" a="1"/>
<U id="198" f="10" l="23" c="56" d="138" a="0"/>
<U id="199" f="8" l="250" c="91" d="126" a="0"/>
<U id="200" f="8" l="416" c="34" d="141" a="0"/>
<U id="201" f="8" l="485" c="22" d="68" a="0"/>
<U id="202" f="8" l="263" c="16" d="59" a="1"/>
<U id="203" f="8" l="274" c="24" d="59" a="1"/>
<U id="204" f="8" l="356" c="69" d="37" a="0"/>
<U id="205" f="8" l="275" c="60" d="67" a="0"/>
<U id="206" f="8" l="519" c="32" d="121" a="1"/>
<U id="207" f="10" l="24" c="56" d="128" a="0"/>
<U id="208" f="8" l="475" c="32" d="121" a="1"/>
<U id="209" f="8" l="553" c="43" d="62" a="0"/>
<U id="210" f="8" l="417" c="34" d="139" a="0"/>
<U id="211" f="8" l="527" c="24" d="121" a="1"/>
<U id="212" f="8" l="264" c="16" d="70" a="1"/>
<U id="213" f="8" l="275" c="24" d="70" a="1"/>
<U id="214" f="8" l="316" c="90" d="46" a="0"/>
<U id="215" f="10" l="25" c="56" d="138" a="0"/>
<U id="216" f="8" l="333" c="91" d="67" a="0"/>
<U id="217" f="8" l="537" c="15" d="121" a="0"/>
<U id="218" f="8" l="249" c="51" d="86" a="0"/>
<U id="219" f="8" l="289" c="49" d="107" a="0"/>
<U id="220" f="8" l="338" c="70" d="66" a="1"/>
<U id="221" f="8" l="495" c="32" d="121" a="1"/>
<U id="222" f="8" l="510" c="57" d="51" a="0"/>
<U id="223" f="8" l="251" c="83" d="144" a="0"/>
<U id="224" f="8" l="332" c="83" d="68" a="0"/>
<U id="225" f="8" l="512" c="65" d="68" a="0"/>
<U id="226" f="8" l="272" c="45" d="102" a="0"/>
<U id="227" f="8" l="452" c="27" d="59" a="0"/>
<U id="228" f="8" l="467" c="60" d="68" a="0"/>
<U id="229" f="8" l="459" c="32" d="121" a="1"/>
<U id="230" f="8" l="307" c="91" d="67" a="0"/>
<U id="231" f="8" l="313" c="93" d="22" a="0"/>
<U id="232" f="8" l="395" c="33" d="100" a="0"/>
<U id="233" f="8" l="555" c="16" d="62" a="1"/>
<U id="234" f="8" l="252" c="83" d="146" a="0"/>
<U id="235" f="8" l="340" c="48" d="70" a="1"/>
<U id="236" f="8" l="310" c="77" d="25" a="0"/>
<U id="237" f="8" l="315" c="83" d="68" a="0"/>
<U id="238" f="8" l="353" c="64" d="66" a="0"/>
<U id="239" f="8" l="447" c="16" d="62" a="0"/>
<U id="240" f="8" l="306" c="83" d="68" a="0"/>
<U id="241" f="8" l="312" c="85" d="28" a="0"/>
<U id="242" f="8" l="351" c="38" d="68" a="0"/>
<U id="243" f="8" l="355" c="72" d="50" a="0"/>
<U id="244" f="8" l="293" c="90" d="29" a="0"/>
<U id="245" f="8" l="507" c="27" d="59" a="0"/>
<U id="246" f="8" l="487" c="60" d="68" a="0"/>
<U id="247" f="8" l="479" c="32" d="121" a="1"/>
<U id="248" f="8" l="332" c="48" d="59" a="1"/>
<U id="249" f="8" l="415" c="65" d="75" a="0"/>
<U id="250" f="8" l="250" c="67" d="86" a="0"/>
<U id="251" f="8" l="313" c="85" d="138" a="0"/>
<U id="252" f="8" l="255" c="64" d="120" a="0"/>
<U id="253" f="8" l="412" c="58" d="59" a="0"/>
<U id="254" f="8" l="256" c="91" d="67" a="0"/>
<U id="255" f="8" l="333" c="48" d="70" a="1"/>
<U id="256" f="8" l="315" c="48" d="59" a="1"/>
<U id="257" f="8" l="355" c="46" d="107" a="0"/>
<U id="258" f="8" l="499" c="32" d="121" a="1"/>
<U id="259" f="8" l="306" c="48" d="59" a="1"/>
<U id="260" f="8" l="470" c="57" d="56" a="0"/>
<U id="261" f="8" l="292" c="83" d="68" a="0"/>
<U id="262" f="8" l="336" c="74" d="53" a="0"/>
<U id="263" f="8" l="472" c="65" d="68" a="0"/>
<U id="264" f="8" l="248" c="91" d="112" a="0"/>
<U id="265" f="8" l="316" c="48" d="70" a="1"/>
<U id="266" f="8" l="515" c="57" d="56" a="0"/>
<U id="267" f="8" l="307" c="48" d="70" a="1"/>
<U id="268" f="8" l="416" c="66" d="75" a="0"/>
<U id="269" f="8" l="247" c="83" d="105" a="0"/>
<U id="270" f="8" l="274" c="56" d="68" a="0"/>
<U id="271" f="8" l="311" c="97" d="30" a="0"/>
<U id="272" f="8" l="327" c="38" d="68" a="0"/>
<U id="273" f="8" l="256" c="56" d="133" a="0"/>
<U id="274" f="8" l="291" c="48" d="87" a="0"/>
<U id="275" f="8" l="490" c="57" d="43" a="0"/>
<U id="276" f="8" l="492" c="65" d="68" a="0"/>
<U id="277" f="8" l="369" c="90" d="46" a="0"/>
<U id="278" f="8" l="467" c="27" d="59" a="0"/>
<U id="279" f="8" l="292" c="48" d="59" a="1"/>
<U id="280" f="8" l="359" c="91" d="67" a="0"/>
<U id="281" f="8" l="365" c="93" d="24" a="0"/>
<U id="282" f="8" l="288" c="45" d="113" a="0"/>
<U id="283" f="8" l="339" c="83" d="68" a="0"/>
<U id="284" f="8" l="285" c="38" d="68" a="0"/>
<U id="285" f="8" l="362" c="77" d="41" a="0"/>
<U id="286" f="8" l="455" c="57" d="36" a="0"/>
<U id="287" f="8" l="293" c="48" d="70" a="1"/>
<U id="288" f="8" l="358" c="83" d="68" a="0"/>
<U id="289" f="8" l="364" c="85" d="44" a="0"/>
<U id="290" f="8" l="487" c="27" d="59" a="0"/>
<U id="291" f="8" l="255" c="58" d="147" a="0"/>
<U id="292" f="8" l="555" c="66" d="32" a="0"/>
<U id="293" f="8" l="338" c="48" d="87" a="0"/>
<U id="294" f="8" l="368" c="83" d="68" a="0"/>
<U id="295" f="8" l="365" c="85" d="138" a="0"/>
<U id="296" f="8" l="415" c="78" d="70" a="0"/>
<U id="297" f="8" l="519" c="57" d="33" a="0"/>
<U id="298" f="8" l="249" c="75" d="119" a="0"/>
<U id="299" f="8" l="417" c="77" d="59" a="0"/>
<U id="300" f="8" l="475" c="57" d="48" a="0"/>
<U id="301" f="8" l="417" c="68" d="145" a="0"/>
<U id="302" f="8" l="339" c="48" d="59" a="1"/>
<U id="303" f="8" l="248" c="67" d="86" a="0"/>
<U id="304" f="8" l="288" c="65" d="23" a="0"/>
<U id="305" f="8" l="358" c="48" d="59" a="1"/>
<U id="306" f="8" l="495" c="57" d="56" a="0"/>
<U id="307" f="8" l="368" c="48" d="59" a="1"/>
<U id="308" f="8" l="359" c="48" d="70" a="1"/>
<U id="309" f="8" l="363" c="97" d="47" a="0"/>
<U id="310" f="8" l="459" c="57" d="33" a="0"/>
<U id="311" f="8" l="369" c="48" d="70" a="1"/>
<U id="312" f="8" l="289" c="75" d="27" a="0"/>
<U id="313" f="8" l="479" c="57" d="33" a="0"/>
<U id="314" f="8" l="499" c="57" d="33" a="0"/>
</Uses>
<Blocks>
<B id="1" t="routine" f="8" l="164" c="5">
<BEGIN l="165" c="0"/>
<END l="176" c="0"/>
</B>
<B id="2" t="else" f="8" l="416" c="131">
<BEGIN l="416" c="131"/>
<END l="416" c="202"/>
</B>
<B id="3" t="if" f="8" l="416" c="116">
<BEGIN l="416" c="119"/>
<END l="416" c="124"/>
<ELSE d="2"/>
</B>
<B id="4" t="else" f="8" l="415" c="130">
<BEGIN l="415" c="130"/>
<END l="415" c="209"/>
</B>
<B id="5" t="if" f="8" l="415" c="117">
<BEGIN l="415" c="120"/>
<END l="415" c="123"/>
<ELSE d="4"/>
</B>
<B id="6" t="if" f="8" l="401" c="8">
<BEGIN l="402" c="8"/>
<END l="406" c="8"/>
</B>
<B id="7" t="case" f="8" l="379" c="32">
<BEGIN l="381" c="32"/>
<END l="381" c="37"/>
</B>
<B id="8" t="else" f="8" l="371" c="40">
<BEGIN l="372" c="40"/>
<END l="374" c="40"/>
</B>
<B id="9" t="if" f="8" l="362" c="45">
<BEGIN l="366" c="40"/>
<END l="370" c="40"/>
<ELSE d="8"/>
</B>
<B id="10" t="else" f="8" l="362" c="40">
<BEGIN l="362" c="45"/>
<END l="374" c="40"/>
<SUB d="9"/>
</B>
<B id="11" t="if" f="8" l="355" c="40">
<BEGIN l="357" c="40"/>
<END l="360" c="40"/>
<ELSE d="10"/>
</B>
<B id="12" t="block" f="8" l="352" c="32">
<BEGIN l="352" c="32"/>
<END l="375" c="32"/>
<SUB d="11"/>
</B>
<B id="13" t="case" f="8" l="351" c="32">
<BEGIN l="352" c="32"/>
<END l="376" c="37"/>
<SUB d="12"/>
</B>
<B id="14" t="else" f="8" l="342" c="40">
<BEGIN l="343" c="40"/>
<END l="345" c="40"/>
</B>
<B id="15" t="if" f="8" l="336" c="45">
<BEGIN l="337" c="40"/>
<END l="341" c="40"/>
<ELSE d="14"/>
</B>
<B id="16" t="else" f="8" l="336" c="40">
<BEGIN l="336" c="45"/>
<END l="345" c="40"/>
<SUB d="15"/>
</B>
<B id="17" t="if" f="8" l="330" c="40">
<BEGIN l="331" c="40"/>
<END l="334" c="40"/>
<ELSE d="16"/>
</B>
<B id="18" t="block" f="8" l="328" c="32">
<BEGIN l="328" c="32"/>
<END l="346" c="32"/>
<SUB d="17"/>
</B>
<B id="19" t="case" f="8" l="327" c="32">
<BEGIN l="328" c="32"/>
<END l="347" c="37"/>
<SUB d="18"/>
</B>
<B id="20" t="else" f="8" l="318" c="40">
<BEGIN l="319" c="40"/>
<END l="321" c="40"/>
</B>
<B id="21" t="if" f="8" l="310" c="45">
<BEGIN l="314" c="40"/>
<END l="317" c="40"/>
<ELSE d="20"/>
</B>
<B id="22" t="else" f="8" l="310" c="40">
<BEGIN l="310" c="45"/>
<END l="321" c="40"/>
<SUB d="21"/>
</B>
<B id="23" t="if" f="8" l="304" c="40">
<BEGIN l="305" c="40"/>
<END l="308" c="40"/>
<ELSE d="22"/>
</B>
<B id="24" t="block" f="8" l="301" c="32">
<BEGIN l="301" c="32"/>
<END l="322" c="32"/>
<SUB d="23"/>
</B>
<B id="25" t="case" f="8" l="300" c="32">
<BEGIN l="301" c="32"/>
<END l="323" c="37"/>
<SUB d="24"/>
</B>
<B id="26" t="if" f="8" l="288" c="40">
<BEGIN l="290" c="40"/>
<END l="294" c="40"/>
</B>
<B id="27" t="block" f="8" l="286" c="32">
<BEGIN l="286" c="32"/>
<END l="295" c="32"/>
<SUB d="26"/>
</B>
<B id="28" t="case" f="8" l="285" c="32">
<BEGIN l="286" c="32"/>
<END l="296" c="37"/>
<SUB d="27"/>
</B>
<B id="29" t="switch" f="8" l="282" c="24">
<BEGIN l="283" c="24"/>
<END l="382" c="24"/>
<CASE d="7"/>
<CASE d="13"/>
<CASE d="19"/>
<CASE d="25"/>
<CASE d="28"/>
</B>
<B id="30" t="else" f="8" l="280" c="16">
<BEGIN l="281" c="16"/>
<END l="383" c="16"/>
<SUB d="29"/>
</B>
<B id="31" t="if" f="8" l="272" c="16">
<BEGIN l="273" c="16"/>
<END l="276" c="16"/>
<ELSE d="30"/>
</B>
<B id="32" t="else" f="8" l="269" c="8">
<BEGIN l="270" c="8"/>
<END l="385" c="8"/>
<SUB d="31"/>
</B>
<B id="33" t="if" f="8" l="261" c="8">
<BEGIN l="262" c="8"/>
<END l="265" c="8"/>
<ELSE d="32"/>
</B>
<B id="34" t="routine" f="8" l="224" c="5">
<BEGIN l="225" c="0"/>
<END l="422" c="0"/>
<SUB d="3"/>
<SUB d="5"/>
<SUB d="6"/>
<SUB d="33"/>
</B>
<B id="35" t="case" f="8" l="531" c="16">
<BEGIN l="533" c="16"/>
<END l="533" c="21"/>
</B>
<B id="36" t="block" f="8" l="525" c="16">
<BEGIN l="525" c="16"/>
<END l="528" c="16"/>
</B>
<B id="37" t="case" f="8" l="524" c="16">
<BEGIN l="525" c="16"/>
<END l="529" c="21"/>
<SUB d="36"/>
</B>
<B id="38" t="else" f="8" l="517" c="24">
<BEGIN l="518" c="24"/>
<END l="520" c="24"/>
</B>
<B id="39" t="if" f="8" l="512" c="29">
<BEGIN l="513" c="24"/>
<END l="516" c="24"/>
<ELSE d="38"/>
</B>
<B id="40" t="else" f="8" l="512" c="24">
<BEGIN l="512" c="29"/>
<END l="520" c="24"/>
<SUB d="39"/>
</B>
<B id="41" t="if" f="8" l="507" c="24">
<BEGIN l="508" c="24"/>
<END l="511" c="24"/>
<ELSE d="40"/>
</B>
<B id="42" t="block" f="8" l="506" c="16">
<BEGIN l="506" c="16"/>
<END l="521" c="16"/>
<SUB d="41"/>
</B>
<B id="43" t="case" f="8" l="505" c="16">
<BEGIN l="506" c="16"/>
<END l="522" c="21"/>
<SUB d="42"/>
</B>
<B id="44" t="else" f="8" l="497" c="24">
<BEGIN l="498" c="24"/>
<END l="500" c="24"/>
</B>
<B id="45" t="if" f="8" l="492" c="29">
<BEGIN l="493" c="24"/>
<END l="496" c="24"/>
<ELSE d="44"/>
</B>
<B id="46" t="else" f="8" l="492" c="24">
<BEGIN l="492" c="29"/>
<END l="500" c="24"/>
<SUB d="45"/>
</B>
<B id="47" t="if" f="8" l="487" c="24">
<BEGIN l="488" c="24"/>
<END l="491" c="24"/>
<ELSE d="46"/>
</B>
<B id="48" t="block" f="8" l="486" c="16">
<BEGIN l="486" c="16"/>
<END l="501" c="16"/>
<SUB d="47"/>
</B>
<B id="49" t="case" f="8" l="485" c="16">
<BEGIN l="486" c="16"/>
<END l="502" c="21"/>
<SUB d="48"/>
</B>
<B id="50" t="else" f="8" l="477" c="24">
<BEGIN l="478" c="24"/>
<END l="480" c="24"/>
</B>
<B id="51" t="if" f="8" l="472" c="29">
<BEGIN l="473" c="24"/>
<END l="476" c="24"/>
<ELSE d="50"/>
</B>
<B id="52" t="else" f="8" l="472" c="24">
<BEGIN l="472" c="29"/>
<END l="480" c="24"/>
<SUB d="51"/>
</B>
<B id="53" t="if" f="8" l="467" c="24">
<BEGIN l="468" c="24"/>
<END l="471" c="24"/>
<ELSE d="52"/>
</B>
<B id="54" t="block" f="8" l="466" c="16">
<BEGIN l="466" c="16"/>
<END l="481" c="16"/>
<SUB d="53"/>
</B>
<B id="55" t="case" f="8" l="465" c="16">
<BEGIN l="466" c="16"/>
<END l="482" c="21"/>
<SUB d="54"/>
</B>
<B id="56" t="else" f="8" l="457" c="24">
<BEGIN l="458" c="24"/>
<END l="460" c="24"/>
</B>
<B id="57" t="if" f="8" l="452" c="24">
<BEGIN l="453" c="24"/>
<END l="456" c="24"/>
<ELSE d="56"/>
</B>
<B id="58" t="block" f="8" l="451" c="16">
<BEGIN l="451" c="16"/>
<END l="461" c="16"/>
<SUB d="57"/>
</B>
<B id="59" t="case" f="8" l="450" c="16">
<BEGIN l="451" c="16"/>
<END l="462" c="21"/>
<SUB d="58"/>
</B>
<B id="60" t="switch" f="8" l="447" c="8">
<BEGIN l="448" c="8"/>
<END l="534" c="8"/>
<CASE d="35"/>
<CASE d="37"/>
<CASE d="43"/>
<CASE d="49"/>
<CASE d="55"/>
<CASE d="59"/>
</B>
<B id="61" t="routine" f="8" l="440" c="16">
<BEGIN l="442" c="1"/>
<END l="539" c="1"/>
<SUB d="60"/>
</B>
<B id="62" t="if" f="8" l="553" c="8">
<BEGIN l="554" c="8"/>
<END l="556" c="8"/>
</B>
<B id="63" t="routine" f="8" l="550" c="13">
<BEGIN l="551" c="1"/>
<END l="558" c="1"/>
<SUB d="62"/>
</B>
<B id="64" t="ppcif" f="12" l="15" c="0">
<BEGIN l="15" c="27"/>
<END l="330" c="0"/>
</B>
<B id="65" t="ppcif" f="12" l="25" c="0">
<BEGIN l="25" c="19"/>
<END l="155" c="0"/>
</B>
<B id="66" t="ppcrmif" f="12" l="46" c="0">
<BEGIN l="46" c="93"/>
<END l="91" c="0"/>
</B>
<B id="67" t="ppcrmif" f="12" l="94" c="0">
<BEGIN l="94" c="91"/>
<END l="153" c="0"/>
</B>
<B id="68" t="ppcrmelse" f="12" l="155" c="0">
<BEGIN l="155" c="35"/>
<END l="328" c="0"/>
</B>
<B id="69" t="ppcif" f="13" l="11" c="0">
<BEGIN l="11" c="27"/>
<END l="36" c="0"/>
</B>
<B id="70" t="ppcrmif" f="13" l="14" c="0">
<BEGIN l="14" c="19"/>
<END l="29" c="0"/>
</B>
<B id="71" t="ppcelse" f="13" l="29" c="0">
<BEGIN l="29" c="5"/>
<END l="33" c="0"/>
</B>
<B id="72" t="ppcif" f="1" l="22" c="0">
<BEGIN l="22" c="17"/>
<END l="109" c="0"/>
</B>
<B id="73" t="ppcrmif" f="1" l="39" c="0">
<BEGIN l="39" c="66"/>
<END l="43" c="0"/>
</B>
<B id="74" t="ppcelse" f="1" l="43" c="0">
<BEGIN l="43" c="60"/>
<END l="47" c="0"/>
</B>
<B id="75" t="ppcrmif" f="1" l="52" c="0">
<BEGIN l="52" c="18"/>
<END l="58" c="0"/>
</B>
<B id="76" t="ppcrmif" f="1" l="62" c="0">
<BEGIN l="62" c="33"/>
<END l="80" c="0"/>
</B>
<B id="77" t="ppcelse" f="1" l="80" c="0">
<BEGIN l="80" c="31"/>
<END l="93" c="0"/>
</B>
<B id="78" t="ppcrmif" f="1" l="96" c="0">
<BEGIN l="96" c="14"/>
<END l="106" c="0"/>
</B>
<B id="79" t="ppcif" f="14" l="3" c="0">
<BEGIN l="3" c="29"/>
<END l="348" c="0"/>
</B>
<B id="80" t="ppcif" f="14" l="61" c="0">
<BEGIN l="63" c="27"/>
<END l="66" c="0"/>
</B>
<B id="81" t="ppcrmif" f="14" l="165" c="0">
<BEGIN l="165" c="17"/>
<END l="206" c="0"/>
</B>
<B id="82" t="ppcrmif" f="14" l="209" c="0">
<BEGIN l="209" c="37"/>
<END l="211" c="0"/>
</B>
<B id="83" t="ppcrmif" f="14" l="213" c="0">
<BEGIN l="213" c="44"/>
<END l="321" c="0"/>
</B>
<B id="84" t="ppcif" f="14" l="323" c="0">
<BEGIN l="323" c="18"/>
<END l="346" c="0"/>
</B>
<B id="85" t="ppcrmif" f="14" l="326" c="0">
<BEGIN l="326" c="18"/>
<END l="328" c="0"/>
</B>
<B id="86" t="ppcrmif" f="14" l="329" c="0">
<BEGIN l="329" c="63"/>
<END l="331" c="0"/>
</B>
<B id="87" t="ppcrmif" f="14" l="332" c="0">
<BEGIN l="332" c="64"/>
<END l="334" c="0"/>
</B>
<B id="88" t="ppcrmif" f="14" l="335" c="0">
<BEGIN l="335" c="16"/>
<END l="340" c="0"/>
</B>
<B id="89" t="ppcif" f="14" l="343" c="0">
<BEGIN l="343" c="57"/>
<END l="345" c="0"/>
</B>
<B id="90" t="ppcif" f="5" l="24" c="0">
<BEGIN l="24" c="28"/>
<END l="226" c="0"/>
</B>
<B id="91" t="ppcrmif" f="5" l="27" c="0">
<BEGIN l="27" c="35"/>
<END l="29" c="0"/>
</B>
<B id="92" t="ppcrmif" f="5" l="32" c="0">
<BEGIN l="32" c="19"/>
<END l="35" c="0"/>
</B>
<B id="93" t="ppcrmif" f="5" l="210" c="0">
<BEGIN l="210" c="19"/>
<END l="212" c="0"/>
</B>
<B id="94" t="ppcif" f="5" l="215" c="0">
<BEGIN l="215" c="26"/>
<END l="223" c="0"/>
</B>
<B id="95" t="ppcif" f="5" l="216" c="0">
<BEGIN l="216" c="25"/>
<END l="220" c="0"/>
</B>
<B id="96" t="ppcrmif" f="5" l="217" c="0">
<BEGIN l="217" c="37"/>
<END l="219" c="0"/>
</B>
<B id="97" t="ppcrmelse" f="5" l="220" c="0">
<BEGIN l="220" c="7"/>
<END l="222" c="0"/>
</B>
<B id="98" t="type" f="4" l="263" c="0">
<BEGIN l="263" c="0"/>
<END l="265" c="0"/>
</B>
<B id="99" t="type" f="4" l="268" c="0">
<BEGIN l="268" c="0"/>
<END l="270" c="0"/>
</B>
<B id="100" t="type" f="4" l="273" c="0">
<BEGIN l="273" c="0"/>
<END l="275" c="0"/>
</B>
<B id="101" t="type" f="4" l="278" c="0">
<BEGIN l="278" c="0"/>
<END l="280" c="0"/>
</B>
<B id="102" t="type" f="4" l="287" c="7">
<BEGIN l="287" c="27"/>
<END l="300" c="0"/>
</B>
<B id="103" t="ppcif" f="4" l="24" c="0">
<BEGIN l="24" c="19"/>
<END l="322" c="0"/>
</B>
<B id="104" t="ppcrmif" f="4" l="46" c="0">
<BEGIN l="46" c="69"/>
<END l="50" c="0"/>
</B>
<B id="105" t="ppcelse" f="4" l="50" c="0">
<BEGIN l="50" c="6"/>
<END l="53" c="0"/>
</B>
<B id="106" t="ppcrmif" f="4" l="54" c="0">
<BEGIN l="54" c="67"/>
<END l="58" c="0"/>
</B>
<B id="107" t="ppcelse" f="4" l="58" c="0">
<BEGIN l="58" c="6"/>
<END l="61" c="0"/>
</B>
<B id="108" t="ppcrmif" f="4" l="62" c="0">
<BEGIN l="62" c="59"/>
<END l="66" c="0"/>
</B>
<B id="109" t="ppcelse" f="4" l="66" c="0">
<BEGIN l="66" c="6"/>
<END l="69" c="0"/>
</B>
<B id="110" t="ppcrmif" f="4" l="70" c="0">
<BEGIN l="70" c="81"/>
<END l="74" c="0"/>
</B>
<B id="111" t="ppcelse" f="4" l="74" c="0">
<BEGIN l="74" c="6"/>
<END l="77" c="0"/>
</B>
<B id="112" t="ppcrmif" f="4" l="78" c="0">
<BEGIN l="78" c="87"/>
<END l="82" c="0"/>
</B>
<B id="113" t="ppcelse" f="4" l="82" c="0">
<BEGIN l="82" c="6"/>
<END l="85" c="0"/>
</B>
<B id="114" t="ppcrmif" f="4" l="91" c="0">
<BEGIN l="91" c="57"/>
<END l="95" c="0"/>
</B>
<B id="115" t="ppcelse" f="4" l="95" c="0">
<BEGIN l="95" c="6"/>
<END l="98" c="0"/>
</B>
<B id="116" t="ppcrmif" f="4" l="99" c="0">
<BEGIN l="99" c="71"/>
<END l="103" c="0"/>
</B>
<B id="117" t="ppcelse" f="4" l="103" c="0">
<BEGIN l="103" c="6"/>
<END l="106" c="0"/>
</B>
<B id="118" t="ppcrmif" f="4" l="107" c="0">
<BEGIN l="107" c="53"/>
<END l="111" c="0"/>
</B>
<B id="119" t="ppcelse" f="4" l="111" c="0">
<BEGIN l="111" c="6"/>
<END l="114" c="0"/>
</B>
<B id="120" t="ppcrmif" f="4" l="115" c="0">
<BEGIN l="115" c="71"/>
<END l="119" c="0"/>
</B>
<B id="121" t="ppcelse" f="4" l="119" c="0">
<BEGIN l="119" c="6"/>
<END l="122" c="0"/>
</B>
<B id="122" t="ppcrmif" f="4" l="123" c="0">
<BEGIN l="123" c="55"/>
<END l="127" c="0"/>
</B>
<B id="123" t="ppcelse" f="4" l="127" c="0">
<BEGIN l="127" c="6"/>
<END l="130" c="0"/>
</B>
<B id="124" t="ppcrmif" f="4" l="131" c="0">
<BEGIN l="131" c="59"/>
<END l="135" c="0"/>
</B>
<B id="125" t="ppcelse" f="4" l="135" c="0">
<BEGIN l="135" c="6"/>
<END l="138" c="0"/>
</B>
<B id="126" t="ppcif" f="4" l="141" c="0">
<BEGIN l="141" c="38"/>
<END l="191" c="0"/>
</B>
<B id="127" t="ppcrmif" f="4" l="210" c="0">
<BEGIN l="210" c="69"/>
<END l="214" c="0"/>
</B>
<B id="128" t="ppcelse" f="4" l="214" c="0">
<BEGIN l="214" c="6"/>
<END l="217" c="0"/>
</B>
<B id="129" t="ppcrmif" f="4" l="219" c="0">
<BEGIN l="219" c="75"/>
<END l="223" c="0"/>
</B>
<B id="130" t="ppcelse" f="4" l="223" c="0">
<BEGIN l="223" c="6"/>
<END l="226" c="0"/>
</B>
<B id="131" t="ppcrmif" f="4" l="228" c="0">
<BEGIN l="228" c="79"/>
<END l="232" c="0"/>
</B>
<B id="132" t="ppcelse" f="4" l="232" c="0">
<BEGIN l="232" c="6"/>
<END l="235" c="0"/>
</B>
<B id="133" t="ppcrmif" f="4" l="237" c="0">
<BEGIN l="237" c="65"/>
<END l="241" c="0"/>
</B>
<B id="134" t="ppcelse" f="4" l="241" c="0">
<BEGIN l="241" c="6"/>
<END l="244" c="0"/>
</B>
<B id="135" t="ppcrmif" f="4" l="246" c="0">
<BEGIN l="246" c="67"/>
<END l="250" c="0"/>
</B>
<B id="136" t="ppcelse" f="4" l="250" c="0">
<BEGIN l="250" c="6"/>
<END l="253" c="0"/>
</B>
<B id="137" t="ppcif" f="4" l="311" c="0">
<BEGIN l="311" c="26"/>
<END l="319" c="0"/>
</B>
<B id="138" t="ppcif" f="4" l="312" c="0">
<BEGIN l="312" c="25"/>
<END l="316" c="0"/>
</B>
<B id="139" t="ppcrmif" f="4" l="313" c="0">
<BEGIN l="313" c="37"/>
<END l="315" c="0"/>
</B>
<B id="140" t="ppcrmelse" f="4" l="316" c="0">
<BEGIN l="316" c="7"/>
<END l="318" c="0"/>
</B>
<B id="141" t="ppcif" f="15" l="25" c="0">
<BEGIN l="25" c="14"/>
<END l="81" c="0"/>
</B>
<B id="142" t="ppcrmif" f="15" l="41" c="0">
<BEGIN l="41" c="44"/>
<END l="43" c="0"/>
</B>
<B id="143" t="ppcrmif" f="15" l="45" c="0">
<BEGIN l="45" c="46"/>
<END l="47" c="0"/>
</B>
<B id="144" t="ppcif" f="15" l="70" c="0">
<BEGIN l="70" c="26"/>
<END l="78" c="0"/>
</B>
<B id="145" t="ppcrmif" f="15" l="71" c="0">
<BEGIN l="71" c="25"/>
<END l="75" c="0"/>
</B>
<B id="146" t="ppcelse" f="15" l="75" c="0">
<BEGIN l="75" c="7"/>
<END l="77" c="0"/>
</B>
<B id="147" t="type" f="3" l="110" c="0">
<BEGIN l="110" c="0"/>
<END l="117" c="0"/>
</B>
<B id="148" t="ppcif" f="3" l="49" c="0">
<BEGIN l="49" c="19"/>
<END l="130" c="0"/>
</B>
<B id="149" t="ppcif" f="3" l="97" c="0">
<BEGIN l="97" c="26"/>
<END l="101" c="0"/>
</B>
<B id="150" t="ppcif" f="2" l="46" c="0">
<BEGIN l="46" c="24"/>
<END l="145" c="0"/>
</B>
<B id="151" t="ppcif" f="2" l="88" c="0">
<BEGIN l="88" c="12"/>
<END l="90" c="0"/>
</B>
<B id="152" t="ppcif" f="2" l="92" c="0">
<BEGIN l="92" c="13"/>
<END l="94" c="0"/>
</B>
<B id="153" t="ppcif" f="16" l="47" c="0">
<BEGIN l="47" c="18"/>
<END l="171" c="0"/>
</B>
<B id="154" t="ppcif" f="16" l="90" c="0">
<BEGIN l="90" c="16"/>
<END l="92" c="0"/>
</B>
<B id="155" t="ppcif" f="17" l="18" c="0">
<BEGIN l="18" c="22"/>
<END l="23" c="0"/>
</B>
<B id="156" t="ppcif" f="18" l="18" c="0">
<BEGIN l="18" c="16"/>
<END l="23" c="0"/>
</B>
<B id="157" t="ppcif" f="7" l="19" c="0">
<BEGIN l="19" c="22"/>
<END l="54" c="0"/>
</B>
<B id="158" t="ppcif" f="9" l="18" c="0">
<BEGIN l="18" c="21"/>
<END l="184" c="0"/>
</B>
<B id="159" t="routine" f="9" l="38" c="9">
<BEGIN l="41" c="0"/>
<END l="43" c="0"/>
</B>
<B id="160" t="ppcif" f="19" l="24" c="0">
<BEGIN l="24" c="15"/>
<END l="443" c="0"/>
</B>
<B id="161" t="ppcrmif" f="19" l="34" c="0">
<BEGIN l="34" c="19"/>
<END l="43" c="0"/>
</B>
<B id="162" t="ppcrmif" f="19" l="76" c="0">
<BEGIN l="76" c="46"/>
<END l="124" c="0"/>
</B>
<B id="163" t="ppcrmif" f="19" l="130" c="0">
<BEGIN l="130" c="45"/>
<END l="133" c="0"/>
</B>
<B id="164" t="ppcrmif" f="19" l="137" c="0">
<BEGIN l="137" c="19"/>
<END l="255" c="0"/>
</B>
<B id="165" t="ppcrmif" f="19" l="257" c="0">
<BEGIN l="257" c="17"/>
<END l="272" c="0"/>
</B>
<B id="166" t="ppcrmif" f="19" l="275" c="0">
<BEGIN l="275" c="17"/>
<END l="313" c="0"/>
</B>
<B id="167" t="ppcelse" f="19" l="313" c="0">
<BEGIN l="313" c="17"/>
<END l="320" c="0"/>
</B>
<B id="168" t="ppcrmif" f="19" l="315" c="0">
<BEGIN l="315" c="19"/>
<END l="318" c="0"/>
</B>
<B id="169" t="ppcrmif" f="19" l="324" c="0">
<BEGIN l="324" c="44"/>
<END l="338" c="0"/>
</B>
<B id="170" t="ppcrmif" f="19" l="343" c="0">
<BEGIN l="343" c="16"/>
<END l="357" c="0"/>
</B>
<B id="171" t="ppcif" f="19" l="363" c="0">
<BEGIN l="363" c="57"/>
<END l="365" c="0"/>
</B>
<B id="172" t="ppcrmif" f="19" l="367" c="0">
<BEGIN l="367" c="47"/>
<END l="380" c="0"/>
</B>
<B id="173" t="ppcrmif" f="19" l="383" c="0">
<BEGIN l="383" c="27"/>
<END l="385" c="0"/>
</B>
<B id="174" t="ppcrmif" f="19" l="387" c="0">
<BEGIN l="387" c="19"/>
<END l="438" c="0"/>
</B>
<B id="175" t="ppcif" f="20" l="19" c="0">
<BEGIN l="19" c="19"/>
<END l="345" c="0"/>
</B>
<B id="176" t="ppcif" f="20" l="113" c="0">
<BEGIN l="113" c="27"/>
<END l="115" c="0"/>
</B>
<B id="177" t="ppcrmif" f="20" l="127" c="0">
<BEGIN l="127" c="46"/>
<END l="130" c="0"/>
</B>
<B id="178" t="ppcelse" f="20" l="130" c="0">
<BEGIN l="130" c="5"/>
<END l="132" c="0"/>
</B>
<B id="179" t="ppcrmif" f="20" l="136" c="0">
<BEGIN l="139" c="50"/>
<END l="141" c="0"/>
</B>
<B id="180" t="ppcrmif" f="20" l="144" c="0">
<BEGIN l="144" c="18"/>
<END l="161" c="0"/>
</B>
<B id="181" t="ppcrmif" f="20" l="165" c="0">
<BEGIN l="168" c="51"/>
<END l="171" c="0"/>
</B>
<B id="182" t="ppcrmif" f="20" l="177" c="0">
<BEGIN l="178" c="66"/>
<END l="180" c="0"/>
</B>
<B id="183" t="ppcrmif" f="20" l="184" c="0">
<BEGIN l="185" c="56"/>
<END l="192" c="0"/>
</B>
<B id="184" t="ppcrmif" f="20" l="194" c="0">
<BEGIN l="194" c="74"/>
<END l="196" c="0"/>
</B>
<B id="185" t="ppcrmif" f="20" l="198" c="0">
<BEGIN l="198" c="76"/>
<END l="200" c="0"/>
</B>
<B id="186" t="ppcrmif" f="20" l="202" c="0">
<BEGIN l="202" c="36"/>
<END l="204" c="0"/>
</B>
<B id="187" t="ppcrmif" f="20" l="206" c="0">
<BEGIN l="206" c="36"/>
<END l="208" c="0"/>
</B>
<B id="188" t="ppcrmif" f="20" l="210" c="0">
<BEGIN l="210" c="36"/>
<END l="212" c="0"/>
</B>
<B id="189" t="ppcrmif" f="20" l="214" c="0">
<BEGIN l="214" c="20"/>
<END l="231" c="0"/>
</B>
<B id="190" t="ppcrmif" f="20" l="233" c="0">
<BEGIN l="233" c="24"/>
<END l="235" c="0"/>
</B>
<B id="191" t="ppcrmif" f="20" l="237" c="0">
<BEGIN l="237" c="26"/>
<END l="239" c="0"/>
</B>
<B id="192" t="ppcrmif" f="20" l="241" c="0">
<BEGIN l="241" c="56"/>
<END l="243" c="0"/>
</B>
<B id="193" t="ppcrmif" f="20" l="245" c="0">
<BEGIN l="245" c="47"/>
<END l="247" c="0"/>
</B>
<B id="194" t="ppcrmif" f="20" l="249" c="0">
<BEGIN l="249" c="18"/>
<END l="251" c="0"/>
</B>
<B id="195" t="ppcrmif" f="20" l="253" c="0">
<BEGIN l="253" c="19"/>
<END l="255" c="0"/>
</B>
<B id="196" t="ppcrmif" f="20" l="257" c="0">
<BEGIN l="257" c="18"/>
<END l="259" c="0"/>
</B>
<B id="197" t="ppcrmif" f="20" l="261" c="0">
<BEGIN l="261" c="46"/>
<END l="263" c="0"/>
</B>
<B id="198" t="ppcrmif" f="20" l="265" c="0">
<BEGIN l="274" c="37"/>
<END l="280" c="0"/>
</B>
<B id="199" t="ppcelse" f="20" l="280" c="0">
<BEGIN l="280" c="5"/>
<END l="282" c="0"/>
</B>
<B id="200" t="ppcrmif" f="20" l="309" c="0">
<BEGIN l="312" c="64"/>
<END l="314" c="0"/>
</B>
<B id="201" t="ppcif" f="20" l="317" c="0">
<BEGIN l="317" c="21"/>
<END l="329" c="0"/>
</B>
<B id="202" t="ppcif" f="20" l="318" c="0">
<BEGIN l="318" c="21"/>
<END l="320" c="0"/>
</B>
<B id="203" t="ppcrmif" f="20" l="324" c="0">
<BEGIN l="324" c="55"/>
<END l="327" c="0"/>
</B>
<B id="204" t="ppcrmif" f="20" l="332" c="0">
<BEGIN l="333" c="59"/>
<END l="335" c="0"/>
</B>
<B id="205" t="ppcif" f="21" l="19" c="0">
<BEGIN l="19" c="20"/>
<END l="296" c="0"/>
</B>
<B id="206" t="ppcrmif" f="21" l="23" c="0">
<BEGIN l="23" c="19"/>
<END l="25" c="0"/>
</B>
<B id="207" t="ppcrmif" f="21" l="30" c="0">
<BEGIN l="30" c="41"/>
<END l="32" c="0"/>
</B>
<B id="208" t="ppcrmif" f="21" l="38" c="0">
<BEGIN l="38" c="15"/>
<END l="60" c="0"/>
</B>
<B id="209" t="ppcelse" f="21" l="60" c="0">
<BEGIN l="60" c="21"/>
<END l="71" c="0"/>
</B>
<B id="210" t="ppcrmif" f="21" l="90" c="0">
<BEGIN l="90" c="18"/>
<END l="93" c="0"/>
</B>
<B id="211" t="ppcelse" f="21" l="93" c="0">
<BEGIN l="93" c="5"/>
<END l="96" c="0"/>
</B>
<B id="212" t="ppcrmif" f="21" l="104" c="0">
<BEGIN l="104" c="58"/>
<END l="111" c="0"/>
</B>
<B id="213" t="ppcelse" f="21" l="111" c="0">
<BEGIN l="111" c="5"/>
<END l="121" c="0"/>
</B>
<B id="214" t="ppcif" f="21" l="125" c="0">
<BEGIN l="125" c="28"/>
<END l="129" c="0"/>
</B>
<B id="215" t="ppcrmif" f="21" l="138" c="0">
<BEGIN l="138" c="24"/>
<END l="146" c="0"/>
</B>
<B id="216" t="ppcelse" f="21" l="146" c="0">
<BEGIN l="146" c="5"/>
<END l="157" c="0"/>
</B>
<B id="217" t="ppcrmif" f="21" l="147" c="0">
<BEGIN l="147" c="16"/>
<END l="149" c="0"/>
</B>
<B id="218" t="ppcelse" f="21" l="149" c="0">
<BEGIN l="149" c="6"/>
<END l="156" c="0"/>
</B>
<B id="219" t="ppcrmif" f="21" l="150" c="0">
<BEGIN l="150" c="61"/>
<END l="152" c="0"/>
</B>
<B id="220" t="ppcelse" f="21" l="152" c="0">
<BEGIN l="152" c="7"/>
<END l="155" c="0"/>
</B>
<B id="221" t="ppcrmif" f="21" l="170" c="0">
<BEGIN l="170" c="37"/>
<END l="189" c="0"/>
</B>
<B id="222" t="ppcif" f="21" l="194" c="0">
<BEGIN l="194" c="37"/>
<END l="196" c="0"/>
</B>
<B id="223" t="ppcrmif" f="21" l="201" c="0">
<BEGIN l="201" c="24"/>
<END l="203" c="0"/>
</B>
<B id="224" t="ppcelse" f="21" l="203" c="0">
<BEGIN l="203" c="5"/>
<END l="205" c="0"/>
</B>
<B id="225" t="ppcrmif" f="21" l="210" c="0">
<BEGIN l="210" c="24"/>
<END l="212" c="0"/>
</B>
<B id="226" t="ppcelse" f="21" l="212" c="0">
<BEGIN l="212" c="5"/>
<END l="214" c="0"/>
</B>
<B id="227" t="ppcrmif" f="21" l="219" c="0">
<BEGIN l="219" c="23"/>
<END l="222" c="0"/>
</B>
<B id="228" t="ppcelse" f="21" l="222" c="0">
<BEGIN l="222" c="5"/>
<END l="225" c="0"/>
</B>
<B id="229" t="ppcrmif" f="21" l="228" c="0">
<BEGIN l="228" c="23"/>
<END l="230" c="0"/>
</B>
<B id="230" t="ppcelse" f="21" l="230" c="0">
<BEGIN l="230" c="5"/>
<END l="232" c="0"/>
</B>
<B id="231" t="ppcrmif" f="21" l="240" c="0">
<BEGIN l="240" c="23"/>
<END l="242" c="0"/>
</B>
<B id="232" t="ppcelse" f="21" l="242" c="0">
<BEGIN l="242" c="5"/>
<END l="244" c="0"/>
</B>
<B id="233" t="ppcrmif" f="21" l="250" c="0">
<BEGIN l="250" c="24"/>
<END l="253" c="0"/>
</B>
<B id="234" t="ppcelse" f="21" l="253" c="0">
<BEGIN l="253" c="5"/>
<END l="255" c="0"/>
</B>
<B id="235" t="ppcrmif" f="21" l="259" c="0">
<BEGIN l="259" c="23"/>
<END l="261" c="0"/>
</B>
<B id="236" t="ppcelse" f="21" l="261" c="0">
<BEGIN l="261" c="5"/>
<END l="263" c="0"/>
</B>
<B id="237" t="ppcif" f="21" l="269" c="0">
<BEGIN l="269" c="24"/>
<END l="271" c="0"/>
</B>
<B id="238" t="ppcif" f="21" l="274" c="0">
<BEGIN l="274" c="25"/>
<END l="276" c="0"/>
</B>
<B id="239" t="ppcrmif" f="21" l="281" c="0">
<BEGIN l="281" c="44"/>
<END l="283" c="0"/>
</B>
<B id="240" t="ppcelse" f="21" l="283" c="0">
<BEGIN l="283" c="5"/>
<END l="294" c="0"/>
</B>
<B id="241" t="ppcrmif" f="21" l="284" c="0">
<BEGIN l="284" c="16"/>
<END l="286" c="0"/>
</B>
<B id="242" t="ppcelse" f="21" l="286" c="0">
<BEGIN l="286" c="6"/>
<END l="293" c="0"/>
</B>
<B id="243" t="ppcrmif" f="21" l="287" c="0">
<BEGIN l="287" c="61"/>
<END l="289" c="0"/>
</B>
<B id="244" t="ppcelse" f="21" l="289" c="0">
<BEGIN l="289" c="7"/>
<END l="292" c="0"/>
</B>
<B id="245" t="ppcrmif" f="22" l="6" c="0">
<BEGIN l="6" c="12"/>
<END l="8" c="0"/>
</B>
<B id="246" t="type" f="6" l="43" c="14">
<BEGIN l="43" c="14"/>
<END l="43" c="50"/>
</B>
<B id="247" t="initializer" f="6" l="52" c="20">
<BEGIN l="52" c="31"/>
<END l="52" c="68"/>
</B>
<B id="248" t="ppcrmif" f="6" l="22" c="0">
<BEGIN l="22" c="15"/>
<END l="24" c="0"/>
</B>
<B id="249" t="ppcrmif" f="6" l="28" c="0">
<BEGIN l="28" c="22"/>
<END l="30" c="0"/>
</B>
<B id="250" t="ppcrmelif" f="6" l="30" c="0">
<BEGIN l="30" c="5"/>
<END l="32" c="0"/>
</B>
<B id="251" t="ppcrmelif" f="6" l="32" c="0">
<BEGIN l="32" c="5"/>
<END l="39" c="0"/>
</B>
<B id="252" t="ppcrmelse" f="6" l="39" c="0">
<BEGIN l="39" c="19"/>
<END l="55" c="0"/>
</B>
<B id="253" t="ppcrmif" f="6" l="45" c="0">
<BEGIN l="45" c="33"/>
<END l="47" c="0"/>
</B>
<B id="254" t="ppcif" f="6" l="48" c="0">
<BEGIN l="48" c="36"/>
<END l="50" c="0"/>
</B>
<B id="255" t="ppcif" f="23" l="19" c="0">
<BEGIN l="19" c="17"/>
<END l="58" c="0"/>
</B>
<B id="256" t="ppcif" f="23" l="41" c="0">
<BEGIN l="41" c="26"/>
<END l="43" c="0"/>
</B>
<B id="257" t="ppcrmif" f="23" l="45" c="0">
<BEGIN l="45" c="16"/>
<END l="50" c="0"/>
</B>
<B id="258" t="ppcif" f="23" l="52" c="0">
<BEGIN l="52" c="35"/>
<END l="54" c="0"/>
</B>
<B id="259" t="ppcrmelif" f="23" l="54" c="0">
<BEGIN l="54" c="5"/>
<END l="56" c="0"/>
</B>
<B id="260" t="ppcrmif" f="24" l="3" c="0">
<BEGIN l="3" c="17"/>
<END l="5" c="0"/>
</B>
<B id="261" t="ppcrmif" f="25" l="19" c="0">
<BEGIN l="19" c="43"/>
<END l="21" c="0"/>
</B>
<B id="262" t="ppcrmif" f="25" l="23" c="0">
<BEGIN l="23" c="71"/>
<END l="48" c="0"/>
</B>
<B id="263" t="ppcrmif" f="26" l="46" c="0">
<BEGIN l="46" c="15"/>
<END l="48" c="0"/>
</B>
<B id="264" t="ppcrmif" f="26" l="80" c="0">
<BEGIN l="80" c="16"/>
<END l="84" c="0"/>
</B>
<B id="265" t="ppcrmif" f="26" l="86" c="0">
<BEGIN l="86" c="78"/>
<END l="95" c="0"/>
</B>
<B id="266" t="ppcrmif" f="26" l="119" c="0">
<BEGIN l="119" c="16"/>
<END l="124" c="0"/>
</B>
<B id="267" t="ppcrmif" f="26" l="126" c="0">
<BEGIN l="126" c="78"/>
<END l="137" c="0"/>
</B>
<B id="268" t="ppcrmif" f="26" l="139" c="0">
<BEGIN l="139" c="19"/>
<END l="147" c="0"/>
</B>
<B id="269" t="ppcrmif" f="26" l="160" c="0">
<BEGIN l="160" c="69"/>
<END l="165" c="0"/>
</B>
<B id="270" t="ppcrmif" f="26" l="167" c="0">
<BEGIN l="167" c="78"/>
<END l="172" c="0"/>
</B>
<B id="271" t="ppcrmif" f="26" l="199" c="0">
<BEGIN l="199" c="17"/>
<END l="213" c="0"/>
</B>
<B id="272" t="ppcrmif" f="26" l="215" c="0">
<BEGIN l="215" c="46"/>
<END l="220" c="0"/>
</B>
<B id="273" t="ppcrmif" f="26" l="222" c="0">
<BEGIN l="222" c="19"/>
<END l="227" c="0"/>
</B>
<B id="274" t="ppcrmif" f="26" l="233" c="0">
<BEGIN l="233" c="45"/>
<END l="244" c="0"/>
</B>
<B id="275" t="ppcrmif" f="26" l="247" c="0">
<BEGIN l="247" c="69"/>
<END l="254" c="0"/>
</B>
<B id="276" t="ppcrmif" f="26" l="256" c="0">
<BEGIN l="256" c="19"/>
<END l="261" c="0"/>
</B>
<B id="277" t="ppcrmif" f="26" l="263" c="0">
<BEGIN l="263" c="45"/>
<END l="266" c="0"/>
</B>
<B id="278" t="ppcrmif" f="26" l="268" c="0">
<BEGIN l="268" c="17"/>
<END l="273" c="0"/>
</B>
<B id="279" t="ppcrmif" f="26" l="276" c="0">
<BEGIN l="276" c="78"/>
<END l="298" c="0"/>
</B>
<B id="280" t="ppcrmif" f="26" l="300" c="0">
<BEGIN l="300" c="19"/>
<END l="356" c="0"/>
</B>
<B id="281" t="ppcrmif" f="26" l="358" c="0">
<BEGIN l="358" c="78"/>
<END l="360" c="0"/>
</B>
<B id="282" t="ppcrmif" f="26" l="362" c="0">
<BEGIN l="362" c="54"/>
<END l="365" c="0"/>
</B>
<B id="283" t="ppcif" f="10" l="19" c="0">
<BEGIN l="19" c="20"/>
<END l="30" c="0"/>
</B>
</Blocks>
</Navig>
