<?xml version="1.0" encoding="UTF-8"?>

<project name="Polyspace" files="7" includes="56" ap_cg_cycle="0" ap_cg_direct_cycle="0" pshv="0" unpshv="0">
<file name="C:\Users\nzt9hv\Documents\Synergy\ccm_wa\ses_dev_ea3\MtrCtrl_CM\src\Ap_TrqCmdScl.c" total_lines="297" lines_without_cmt="30" comf="100" fco="1">
<function name="TrqCmdScl_SCom_Set" path="1" goto="0" vg="1" calling="0" calls="1" param="1" stmt="2" level="1" return="0" vocf="1.9" flin="11" fxln="2" ncalls="1">
</function>
<function name="TrqCmdScl_SCom_Get" path="1" goto="0" vg="1" calling="0" calls="0" param="1" stmt="1" level="1" return="0" vocf="1.4" flin="10" fxln="1" ncalls="0">
</function>
<function name="TrqCmdScl_Per1" path="1" goto="0" vg="3" calling="0" calls="2" param="0" stmt="7" level="1" return="0" vocf="3.7" flin="30" fxln="7" ncalls="2">
</function>
<function name="Blend_f32" path="1" goto="0" vg="1" calling="0" calls="0" param="3" stmt="1" level="1" return="1" vocf="2.9" flin="0" fxln="0" ncalls="0">
</function>
</file>
<file name="C:\Users\nzt9hv\Documents\Synergy\ccm_wa\ses_dev_ea3\MtrCtrl_CM\src\Ap_TrqCanc.c" total_lines="1079" lines_without_cmt="556" comf="100" fco="1">
</file>
<file name="C:\Users\nzt9hv\Documents\Synergy\ccm_wa\ses_dev_ea3\MtrCtrl_CM\src\Ap_QuadDet.c" total_lines="271" lines_without_cmt="91" comf="50" fco="4">
<function name="QuadDet_Per1" path="72" goto="0" vg="11" calling="0" calls="3" param="0" stmt="28" level="2" return="0" vocf="5.7" flin="99" fxln="33" ncalls="4">
</function>
<function name="Blend_f32" path="1" goto="0" vg="1" calling="0" calls="0" param="3" stmt="1" level="1" return="1" vocf="2.9" flin="0" fxln="0" ncalls="0">
</function>
</file>
<file name="C:\Users\nzt9hv\Documents\Synergy\ccm_wa\ses_dev_ea3\MtrCtrl_CM\src\Ap_PeakCurrEst.c" total_lines="367" lines_without_cmt="100" comf="32" fco="3">
<function name="PeakCurrEst_Per2" path="1" goto="0" vg="3" calling="0" calls="2" param="0" stmt="9" level="1" return="0" vocf="4.2" flin="33" fxln="11" ncalls="2">
</function>
<function name="PeakCurrEst_Per1" path="2" goto="0" vg="6" calling="0" calls="2" param="0" stmt="27" level="1" return="0" vocf="7.8" flin="80" fxln="32" ncalls="2">
</function>
<function name="NF_FullUpdate_f32" path="1" goto="0" vg="1" calling="0" calls="2" param="3" stmt="3" level="1" return="1" vocf="2.0" flin="0" fxln="0" ncalls="2">
</function>
<function name="NF_OpUpdate_f32" path="1" goto="0" vg="1" calling="2" calls="0" param="2" stmt="2" level="1" return="1" vocf="1.9" flin="0" fxln="0" ncalls="0">
</function>
<function name="NF_SvUpdate_f32" path="1" goto="0" vg="1" calling="2" calls="0" param="3" stmt="4" level="1" return="1" vocf="4.2" flin="0" fxln="0" ncalls="0">
</function>
<function name="Blend_f32" path="1" goto="0" vg="1" calling="0" calls="0" param="3" stmt="1" level="1" return="1" vocf="2.9" flin="0" fxln="0" ncalls="0">
</function>
</file>
<file name="C:\Users\nzt9hv\Documents\Synergy\ccm_wa\ses_dev_ea3\MtrCtrl_CM\src\Ap_PICurrCntrl.c" total_lines="872" lines_without_cmt="422" comf="13" fco="20">
<function name="IntegralStateVarNonOperState" path="2" goto="0" vg="2" calling="1" calls="0" param="1" stmt="3" level="1" return="0" vocf="2.2" flin="6" fxln="3" ncalls="0">
</function>
<function name="CalLowPassFiltVecuOut" path="2" goto="0" vg="4" calling="1" calls="1" param="1" stmt="4" level="1" return="0" vocf="3.2" flin="6" fxln="4" ncalls="1">
</function>
<function name="LoaMtgtnSclFac" path="4" goto="0" vg="11" calling="1" calls="0" param="2" stmt="8" level="1" return="0" vocf="11.0" flin="25" fxln="10" ncalls="0">
</function>
<function name="CalLowPassFiltBilinearOut" path="1" goto="0" vg="1" calling="3" calls="0" param="2" stmt="4" level="1" return="1" vocf="2.7" flin="7" fxln="4" ncalls="0">
</function>
<function name="CalLowPassFiltBilinearTerm" path="1" goto="0" vg="1" calling="2" calls="0" param="3" stmt="3" level="1" return="0" vocf="2.2" flin="7" fxln="3" ncalls="0">
</function>
<function name="PICurrCntrl_Per1" path="192" goto="0" vg="31" calling="0" calls="20" param="0" stmt="125" level="2" return="0" vocf="8.3" flin="312" fxln="135" ncalls="20">
</function>
<function name="PICurrCntrl_Per2" path="1" goto="0" vg="1" calling="0" calls="4" param="0" stmt="25" level="1" return="0" vocf="4.7" flin="70" fxln="25" ncalls="4">
</function>
<function name="PICurrCntrl_Init" path="1" goto="0" vg="1" calling="0" calls="1" param="0" stmt="6" level="1" return="0" vocf="2.5" flin="16" fxln="6" ncalls="2">
</function>
<function name="Blend_f32" path="1" goto="0" vg="1" calling="0" calls="0" param="3" stmt="1" level="1" return="1" vocf="2.9" flin="0" fxln="0" ncalls="0">
</function>
</file>
<file name="C:\Users\nzt9hv\Documents\Synergy\ccm_wa\ses_dev_ea3\MtrCtrl_CM\src\Ap_CurrParamComp.c" total_lines="546" lines_without_cmt="162" comf="33" fco="6">
<function name="SCom_EOLNomMtrParam_Set" path="1" goto="0" vg="1" calling="0" calls="1" param="2" stmt="3" level="1" return="0" vocf="2.5" flin="13" fxln="3" ncalls="1">
</function>
<function name="SCom_EOLNomMtrParam_Get" path="1" goto="0" vg="1" calling="0" calls="0" param="2" stmt="2" level="1" return="0" vocf="2.2" flin="12" fxln="2" ncalls="0">
</function>
<function name="CurrParamComp_Per2" path="1" goto="0" vg="15" calling="0" calls="2" param="0" stmt="20" level="1" return="0" vocf="7.7" flin="48" fxln="20" ncalls="2">
</function>
<function name="CurrParamComp_Per1" path="1" goto="0" vg="9" calling="0" calls="5" param="0" stmt="33" level="1" return="0" vocf="6.5" flin="99" fxln="48" ncalls="7">
</function>
<function name="CurrParamComp_Init" path="1" goto="0" vg="5" calling="0" calls="0" param="0" stmt="10" level="1" return="0" vocf="4.8" flin="20" fxln="10" ncalls="0">
</function>
<function name="Blend_f32" path="1" goto="0" vg="1" calling="0" calls="0" param="3" stmt="1" level="1" return="1" vocf="2.9" flin="0" fxln="0" ncalls="0">
</function>
</file>
<file name="C:\Users\nzt9hv\Documents\Synergy\ccm_wa\ses_dev_ea3\MtrCtrl_CM\src\Ap_CurrCmd.c" total_lines="1294" lines_without_cmt="727" comf="15" fco="37">
<function name="CalculateIdBoost" path="4" goto="0" vg="4" calling="1" calls="5" param="4" stmt="17" level="3" return="0" vocf="4.9" flin="53" fxln="24" ncalls="6">
</function>
<function name="AngleWrap" path="2" goto="0" vg="2" calling="1" calls="0" param="1" stmt="3" level="1" return="1" vocf="1.9" flin="5" fxln="3" ncalls="0">
</function>
<function name="CalLowPassFiltBilinearOut" path="1" goto="0" vg="1" calling="3" calls="0" param="2" stmt="4" level="1" return="1" vocf="2.7" flin="7" fxln="4" ncalls="0">
</function>
<function name="CalLowPassFiltBilinearTerm" path="1" goto="0" vg="1" calling="2" calls="0" param="3" stmt="3" level="1" return="0" vocf="2.2" flin="7" fxln="3" ncalls="0">
</function>
<function name="LocateMinimumIm" path="4" goto="0" vg="4" calling="1" calls="4" param="3" stmt="34" level="3" return="1" vocf="6.9" flin="67" fxln="36" ncalls="9">
</function>
<function name="LocateTrqExtremes" path="108" goto="0" vg="11" calling="1" calls="5" param="3" stmt="52" level="3" return="1" vocf="11.2" flin="118" fxln="56" ncalls="9">
</function>
<function name="CalcTorque" path="1" goto="0" vg="1" calling="1" calls="0" param="3" stmt="5" level="1" return="1" vocf="2.9" flin="14" fxln="5" ncalls="0">
</function>
<function name="CurrtoVoltTest" path="2" goto="0" vg="2" calling="2" calls="0" param="4" stmt="9" level="1" return="1" vocf="3.6" flin="21" fxln="10" ncalls="0">
</function>
<function name="CalculateIq" path="1" goto="0" vg="1" calling="3" calls="0" param="2" stmt="2" level="1" return="1" vocf="1.8" flin="5" fxln="2" ncalls="0">
</function>
<function name="CalculateImVSIdq" path="1" goto="0" vg="1" calling="1" calls="0" param="2" stmt="2" level="1" return="1" vocf="2.5" flin="8" fxln="2" ncalls="0">
</function>
<function name="ParabolicInterpolation" path="2" goto="0" vg="2" calling="2" calls="1" param="1" stmt="12" level="1" return="1" vocf="4.2" flin="34" fxln="13" ncalls="1">
</function>
<function name="CurrCmd_Per1" path="180" goto="0" vg="28" calling="0" calls="11" param="0" stmt="157" level="4" return="0" vocf="10.2" flin="416" fxln="188" ncalls="20">
</function>
<function name="CurrCmd_Init" path="2" goto="0" vg="2" calling="0" calls="3" param="0" stmt="7" level="1" return="0" vocf="3.4" flin="20" fxln="7" ncalls="4">
</function>
<function name="NF_FullUpdate_f32" path="1" goto="0" vg="1" calling="0" calls="2" param="3" stmt="3" level="1" return="1" vocf="2.0" flin="0" fxln="0" ncalls="2">
</function>
<function name="NF_OpUpdate_f32" path="1" goto="0" vg="1" calling="2" calls="0" param="2" stmt="2" level="1" return="1" vocf="1.9" flin="0" fxln="0" ncalls="0">
</function>
<function name="NF_SvUpdate_f32" path="1" goto="0" vg="1" calling="2" calls="0" param="3" stmt="4" level="1" return="1" vocf="4.2" flin="0" fxln="0" ncalls="0">
</function>
<function name="Blend_f32" path="1" goto="0" vg="1" calling="0" calls="0" param="3" stmt="1" level="1" return="1" vocf="2.9" flin="0" fxln="0" ncalls="0">
</function>
</file>
</project>
