<?xml version="1.0" encoding="UTF-8"?>
<MISRA-C-Report-Summary>
<File Mode="required" Error="0" Warning="71" Total="71">
<Name>
C:\Users\nzt9hv\Documents\Synergy\ccm_wa\ses_dev_ea3\MtrCtrl_CM\src\Ap_CurrCmd.c</Name>
</File>
<File Mode="required" Error="0" Warning="20" Total="20">
<Name>
C:\Users\nzt9hv\Documents\Synergy\ccm_wa\ses_dev_ea3\MtrCtrl_CM\src\Ap_CurrParamComp.c</Name>
</File>
<File Mode="required" Error="0" Warning="44" Total="44">
<Name>
C:\Users\nzt9hv\Documents\Synergy\ccm_wa\ses_dev_ea3\MtrCtrl_CM\src\Ap_PICurrCntrl.c</Name>
</File>
<File Mode="required" Error="0" Warning="18" Total="18">
<Name>
C:\Users\nzt9hv\Documents\Synergy\ccm_wa\ses_dev_ea3\MtrCtrl_CM\src\Ap_PeakCurrEst.c</Name>
</File>
<File Mode="required" Error="0" Warning="11" Total="11">
<Name>
C:\Users\nzt9hv\Documents\Synergy\ccm_wa\ses_dev_ea3\MtrCtrl_CM\src\Ap_QuadDet.c</Name>
</File>
<File Mode="required" Error="0" Warning="11" Total="11">
<Name>
C:\Users\nzt9hv\Documents\Synergy\ccm_wa\ses_dev_ea3\MtrCtrl_CM\src\Ap_TrqCanc.c</Name>
</File>
<File Mode="required" Error="0" Warning="3" Total="3">
<Name>
C:\Users\nzt9hv\Documents\Synergy\ccm_wa\ses_dev_ea3\MtrCtrl_CM\src\Ap_TrqCmdScl.c</Name>
</File>
<Rule Name="8.7" Count="78" Mode="required" Severity="warning">
<Message>
Objects shall be defined at block scope if they are only accessed from</Message>
</Rule>
<Rule Name="8.1" Count="28" Mode="required" Severity="warning">
<Message>
</Message>
</Rule>
<Rule Name="8.10" Count="20" Mode="required" Severity="warning">
<Message>
</Message>
</Rule>
<Rule Name="10.1" Count="17" Mode="required" Severity="warning">
<Message>
</Message>
</Rule>
<Rule Name="10.3" Count="9" Mode="required" Severity="warning">
<Message>
</Message>
</Rule>
<Rule Name="10.4" Count="7" Mode="required" Severity="warning">
<Message>
Complex expression of 'float' type may only be cast to narrower floating type,</Message>
</Rule>
<Rule Name="5.1" Count="7" Mode="required" Severity="warning">
<Message>
</Message>
</Rule>
<Rule Name="8.8" Count="5" Mode="required" Severity="warning">
<Message>
</Message>
</Rule>
<Rule Name="19.4" Count="3" Mode="required" Severity="warning">
<Message>
</Message>
</Rule>
<Rule Name="10.2" Count="2" Mode="required" Severity="warning">
<Message>
Implicit conversion of complex floating expression from 'float' to 'double'.</Message>
</Rule>
<Rule Name="8.4" Count="2" Mode="required" Severity="warning">
<Message>
</Message>
</Rule>
</MISRA-C-Report-Summary>
