<?xml version="1.0" encoding="UTF-8"?>

<project name="Polyspace" files="1" includes="24" ap_cg_cycle="0" ap_cg_direct_cycle="0" pshv="0" unpshv="0">
<file name="C:\Synergy_EA3\working\GMStrtStop\src\Ap_GMStrtStop.c" total_lines="572" lines_without_cmt="244" comf="69" fco="5">
<function name="PreviousStCalc" path="2" goto="0" vg="2" calling="1" calls="0" param="0" stmt="2" level="1" return="0" vocf="1.4" flin="6" fxln="2" ncalls="0">
</function>
<function name="SlewRateCalc" path="13" goto="0" vg="13" calling="1" calls="0" param="0" stmt="28" level="3" return="1" vocf="6.9" flin="96" fxln="37" ncalls="0">
</function>
<function name="StrtStop_Per1" path="28" goto="0" vg="19" calling="0" calls="5" param="0" stmt="56" level="5" return="0" vocf="7.0" flin="196" fxln="74" ncalls="8">
</function>
<function name="StrtStop_Init1" path="1" goto="0" vg="1" calling="0" calls="0" param="0" stmt="1" level="1" return="0" vocf="1.5" flin="10" fxln="1" ncalls="0">
</function>
<function name="Blend_f32" path="1" goto="0" vg="1" calling="0" calls="0" param="3" stmt="1" level="1" return="1" vocf="2.9" flin="0" fxln="0" ncalls="0">
</function>
</file>
</project>
